signal_date,trade_date,direction,actual,predicted,correct,entry_price,sl_price,tp_price,exit_price,exit_time,outcome,atr,sl_distance,tp_distance,pnl_price,pnl_usd,balance,bars_held
2024-03-12,2024-03-12,BUY,2,2,True,1.09186,1.09054,1.09449,1.09186,2024-03-12 00:00:00+00:00,NO_DATA,0.00526,0.00132,0.00263,0.0,0.0,200.0,0
2024-03-13,2024-03-13,BUY,0,2,False,1.09247,1.09119,1.09503,1.09503,2024-03-13 20:00:00+00:00,TP,0.00512,0.00128,0.00256,0.00256,2.56,202.56,21
2024-03-14,2024-03-14,BUY,1,2,False,1.09473,1.09348,1.09724,1.09348,2024-03-14 10:00:00+00:00,SL,0.00502,0.00125,0.00251,-0.00125,-1.25,201.3,11
2024-03-15,2024-03-15,BUY,1,2,False,1.08814,1.08681,1.09081,1.08866,2024-03-15 23:00:00+00:00,EOD,0.00534,0.00133,0.00267,0.00052,0.52,201.82,24
2024-03-18,2024-03-18,BUY,0,2,False,1.08903,1.08778,1.09152,1.08778,2024-03-18 00:00:00+00:00,SL,0.00498,0.00125,0.00249,-0.00125,-1.25,200.58,1
2024-03-19,2024-03-19,BUY,2,2,True,1.08705,1.08584,1.08948,1.08584,2024-03-19 10:00:00+00:00,SL,0.00485,0.00121,0.00243,-0.00121,-1.21,199.36,11
2024-03-20,2024-03-20,BUY,0,2,False,1.08586,1.08467,1.08824,1.08467,2024-03-20 12:00:00+00:00,SL,0.00477,0.00119,0.00238,-0.00119,-1.19,198.17,13
2024-03-21,2024-03-21,BUY,0,2,False,1.0919,1.09058,1.09454,1.09058,2024-03-21 11:00:00+00:00,SL,0.00528,0.00132,0.00264,-0.00132,-1.32,196.85,12
2024-03-22,2024-03-22,BUY,2,2,True,1.08554,1.08411,1.08841,1.08411,2024-03-22 05:00:00+00:00,SL,0.00574,0.00143,0.00287,-0.00143,-1.43,195.42,6
2024-03-25,2024-03-25,BUY,1,2,False,1.08074,1.07928,1.08367,1.08367,2024-03-25 16:00:00+00:00,TP,0.00586,0.00146,0.00293,0.00293,2.93,198.35,17
2024-03-26,2024-03-26,BUY,1,2,False,1.0836,1.0822,1.08641,1.08641,2024-03-26 13:00:00+00:00,TP,0.00561,0.0014,0.00281,0.00281,2.81,201.15,14
2024-03-27,2024-03-27,BUY,0,2,False,1.08304,1.08169,1.08574,1.08169,2024-03-27 15:00:00+00:00,SL,0.0054,0.00135,0.0027,-0.00135,-1.35,199.8,16
2024-03-28,2024-03-28,BUY,1,2,False,1.08255,1.08129,1.08508,1.08129,2024-03-28 01:00:00+00:00,SL,0.00506,0.00126,0.00253,-0.00126,-1.26,198.54,2
2024-03-29,2024-03-29,BUY,0,2,False,1.07869,1.07742,1.08123,1.07742,2024-03-29 05:00:00+00:00,SL,0.00508,0.00127,0.00254,-0.00127,-1.27,197.27,6
2024-04-01,2024-04-01,BUY,2,2,True,1.07857,1.07735,1.08101,1.07735,2024-04-01 16:00:00+00:00,SL,0.00489,0.00122,0.00244,-0.00122,-1.22,196.05,17
2024-04-02,2024-04-02,BUY,2,2,True,1.07423,1.07295,1.0768,1.07295,2024-04-02 08:00:00+00:00,SL,0.00514,0.00128,0.00257,-0.00128,-1.28,194.76,9
2024-04-03,2024-04-03,BUY,2,2,True,1.07692,1.07563,1.07951,1.07951,2024-04-03 17:00:00+00:00,TP,0.00518,0.00129,0.00259,0.00259,2.59,197.35,18
2024-04-04,2024-04-04,BUY,1,2,False,1.08338,1.08202,1.08611,1.08611,2024-04-04 11:00:00+00:00,TP,0.00546,0.00136,0.00273,0.00273,2.73,200.08,12
2024-04-05,2024-04-05,BUY,1,2,False,1.08322,1.08188,1.0859,1.08188,2024-04-05 15:00:00+00:00,SL,0.00537,0.00134,0.00268,-0.00134,-1.34,198.74,16
2024-04-08,2024-04-08,BUY,2,2,True,1.08357,1.08222,1.08627,1.08222,2024-04-08 12:00:00+00:00,SL,0.0054,0.00135,0.0027,-0.00135,-1.35,197.39,13
2024-04-09,2024-04-09,BUY,0,2,False,1.08539,1.08408,1.08801,1.08801,2024-04-09 15:00:00+00:00,TP,0.00523,0.00131,0.00262,0.00262,2.62,200.01,16
2024-04-10,2024-04-10,BUY,0,2,False,1.08555,1.08429,1.08807,1.08429,2024-04-10 15:00:00+00:00,SL,0.00504,0.00126,0.00252,-0.00126,-1.26,198.74,16
2024-04-11,2024-04-11,BUY,0,2,False,1.07401,1.07246,1.07711,1.07246,2024-04-11 15:00:00+00:00,SL,0.00621,0.00155,0.0031,-0.00155,-1.55,197.19,16
2024-04-12,2024-04-12,BUY,2,2,True,1.07227,1.07073,1.07534,1.07073,2024-04-12 09:00:00+00:00,SL,0.00614,0.00154,0.00307,-0.00154,-1.54,195.66,10
2024-04-15,2024-04-15,BUY,1,2,False,1.06328,1.06159,1.06665,1.06242,2024-04-15 23:00:00+00:00,EOD,0.00675,0.00169,0.00337,-0.00086,-0.86,194.8,24
2024-04-16,2024-04-16,BUY,2,2,True,1.06225,1.06064,1.06547,1.06064,2024-04-16 05:00:00+00:00,SL,0.00645,0.00161,0.00322,-0.00161,-1.61,193.19,6
2024-04-17,2024-04-17,BUY,1,2,False,1.06129,1.05972,1.06443,1.06443,2024-04-17 11:00:00+00:00,TP,0.00629,0.00157,0.00314,0.00314,3.14,196.33,12
2024-04-18,2024-04-18,BUY,2,2,True,1.06721,1.0656,1.07042,1.0656,2024-04-18 16:00:00+00:00,SL,0.00643,0.00161,0.00321,-0.00161,-1.61,194.72,17
2024-04-19,2024-04-19,BUY,1,2,False,1.06421,1.06265,1.06732,1.06265,2024-04-19 04:00:00+00:00,SL,0.00622,0.00156,0.00311,-0.00156,-1.56,193.17,5
2024-04-22,2024-04-22,BUY,2,2,True,1.06481,1.06324,1.06795,1.06324,2024-04-22 15:00:00+00:00,SL,0.00629,0.00157,0.00314,-0.00157,-1.57,191.6,16
2024-04-23,2024-04-23,BUY,1,2,False,1.06518,1.06366,1.06821,1.06821,2024-04-23 10:00:00+00:00,TP,0.00607,0.00152,0.00303,0.00303,3.03,194.63,11
2024-04-24,2024-04-24,BUY,2,2,True,1.07003,1.06847,1.07315,1.06847,2024-04-24 11:00:00+00:00,SL,0.00623,0.00156,0.00312,-0.00156,-1.56,193.07,12
2024-04-25,2024-04-25,BUY,0,2,False,1.06943,1.06796,1.07237,1.07237,2024-04-25 09:00:00+00:00,TP,0.00589,0.00147,0.00294,0.00294,2.94,196.02,10
2024-04-26,2024-04-26,BUY,2,2,True,1.07274,1.07126,1.0757,1.07126,2024-04-26 15:00:00+00:00,SL,0.00593,0.00148,0.00296,-0.00148,-1.48,194.53,16
2024-04-29,2024-04-29,BUY,0,2,False,1.06864,1.06709,1.07173,1.07173,2024-04-29 05:00:00+00:00,TP,0.00619,0.00155,0.00309,0.00309,3.09,197.63,6
2024-04-30,2024-04-30,BUY,2,2,True,1.07164,1.07012,1.07468,1.07012,2024-04-30 08:00:00+00:00,SL,0.00608,0.00152,0.00304,-0.00152,-1.52,196.11,9
2024-05-01,2024-05-01,BUY,2,2,True,1.06646,1.06491,1.06956,1.06956,2024-05-01 21:00:00+00:00,TP,0.00621,0.00155,0.0031,0.0031,3.1,199.21,22
2024-05-02,2024-05-02,BUY,2,2,True,1.06946,1.06784,1.07271,1.07271,2024-05-02 09:00:00+00:00,TP,0.00649,0.00162,0.00325,0.00325,3.25,202.46,10
2024-05-03,2024-05-03,BUY,1,2,False,1.07238,1.07079,1.07557,1.07557,2024-05-03 15:00:00+00:00,TP,0.00637,0.00159,0.00319,0.00319,3.19,205.64,16
2024-05-06,2024-05-06,BUY,1,2,False,1.07661,1.07492,1.08,1.07701,2024-05-06 23:00:00+00:00,EOD,0.00677,0.00169,0.00339,0.0004,0.4,206.04,24
2024-05-07,2024-05-07,BUY,1,2,False,1.07686,1.07527,1.08003,1.07527,2024-05-07 21:00:00+00:00,SL,0.00634,0.00159,0.00317,-0.00159,-1.59,204.46,22
2024-05-08,2024-05-08,BUY,2,2,True,1.0754,1.07389,1.07841,1.07389,2024-05-08 05:00:00+00:00,SL,0.00602,0.00151,0.00301,-0.00151,-1.51,202.95,6
2024-05-09,2024-05-09,BUY,1,2,False,1.0748,1.07342,1.07756,1.07342,2024-05-09 10:00:00+00:00,SL,0.00552,0.00138,0.00276,-0.00138,-1.38,201.57,11
2024-05-10,2024-05-10,BUY,2,2,True,1.0782,1.0768,1.081,1.0768,2024-05-10 15:00:00+00:00,SL,0.00559,0.0014,0.0028,-0.0014,-1.4,200.17,16
2024-05-13,2024-05-13,BUY,1,2,False,1.07686,1.07555,1.07948,1.07948,2024-05-13 15:00:00+00:00,TP,0.00524,0.00131,0.00262,0.00262,2.62,202.8,16
2024-05-14,2024-05-14,BUY,2,2,True,1.07895,1.07768,1.0815,1.07768,2024-05-14 11:00:00+00:00,SL,0.00509,0.00127,0.00255,-0.00127,-1.27,201.52,12
2024-05-15,2024-05-15,BUY,0,2,False,1.08187,1.08057,1.08447,1.08447,2024-05-15 15:00:00+00:00,TP,0.00519,0.0013,0.0026,0.0026,2.6,204.12,16
2024-05-16,2024-05-16,BUY,0,2,False,1.08841,1.08704,1.09115,1.08704,2024-05-16 11:00:00+00:00,SL,0.00547,0.00137,0.00274,-0.00137,-1.37,202.75,12
2024-05-17,2024-05-17,BUY,1,2,False,1.08663,1.08531,1.08927,1.08531,2024-05-17 11:00:00+00:00,SL,0.00529,0.00132,0.00264,-0.00132,-1.32,201.43,12
2024-05-20,2024-05-20,BUY,1,2,False,1.08663,1.08534,1.08921,1.08568,2024-05-20 23:00:00+00:00,EOD,0.00515,0.00129,0.00258,-0.00095,-0.95,200.48,24
2024-05-21,2024-05-21,BUY,0,2,False,1.08566,1.08444,1.08809,1.08444,2024-05-21 16:00:00+00:00,SL,0.00487,0.00122,0.00243,-0.00122,-1.22,199.26,17
2024-05-22,2024-05-22,BUY,2,2,True,1.08535,1.08419,1.08767,1.08419,2024-05-22 12:00:00+00:00,SL,0.00465,0.00116,0.00232,-0.00116,-1.16,198.1,13
2024-05-23,2024-05-23,BUY,2,2,True,1.08224,1.08108,1.08456,1.08456,2024-05-23 12:00:00+00:00,TP,0.00464,0.00116,0.00232,0.00232,2.32,200.42,13
2024-05-24,2024-05-24,BUY,1,2,False,1.08146,1.08027,1.08385,1.08385,2024-05-24 13:00:00+00:00,TP,0.00477,0.00119,0.00239,0.00239,2.39,202.81,14
2024-05-27,2024-05-27,BUY,2,2,True,1.08457,1.08336,1.08699,1.08566,2024-05-27 23:00:00+00:00,EOD,0.00483,0.00121,0.00242,0.00109,1.09,203.9,24
2024-05-28,2024-05-28,BUY,0,2,False,1.08569,1.08455,1.08796,1.08796,2024-05-28 07:00:00+00:00,TP,0.00455,0.00114,0.00227,0.00227,2.27,206.17,8
2024-05-29,2024-05-29,BUY,2,2,True,1.08564,1.08453,1.08787,1.08453,2024-05-29 07:00:00+00:00,SL,0.00445,0.00111,0.00223,-0.00111,-1.11,205.06,8
2024-05-30,2024-05-30,BUY,2,2,True,1.08007,1.07891,1.0824,1.07891,2024-05-30 08:00:00+00:00,SL,0.00465,0.00116,0.00233,-0.00116,-1.16,203.89,9
2024-05-31,2024-05-31,BUY,2,2,True,1.08315,1.08195,1.08555,1.08195,2024-05-31 05:00:00+00:00,SL,0.00479,0.0012,0.0024,-0.0012,-1.2,202.7,6
2024-06-03,2024-06-03,BUY,0,2,False,1.08463,1.08335,1.08718,1.08335,2024-06-03 11:00:00+00:00,SL,0.0051,0.00128,0.00255,-0.00128,-1.28,201.42,12
2024-06-04,2024-06-04,BUY,1,2,False,1.09038,1.08902,1.0931,1.08902,2024-06-04 10:00:00+00:00,SL,0.00544,0.00136,0.00272,-0.00136,-1.36,200.06,11
2024-06-05,2024-06-05,BUY,2,2,True,1.0879,1.08653,1.09064,1.08653,2024-06-05 13:00:00+00:00,SL,0.00548,0.00137,0.00274,-0.00137,-1.37,198.69,14
2024-06-06,2024-06-06,BUY,1,2,False,1.08682,1.08551,1.08944,1.08944,2024-06-06 04:00:00+00:00,TP,0.00525,0.00131,0.00262,0.00262,2.62,201.31,5
2024-06-07,2024-06-07,BUY,0,2,False,1.08862,1.08735,1.09116,1.08735,2024-06-07 15:00:00+00:00,SL,0.00508,0.00127,0.00254,-0.00127,-1.27,200.04,16
2024-06-10,2024-06-10,BUY,0,2,False,1.07726,1.07582,1.08015,1.07582,2024-06-10 06:00:00+00:00,SL,0.00577,0.00144,0.00289,-0.00144,-1.44,198.6,7
2024-06-11,2024-06-11,BUY,2,2,True,1.07645,1.07497,1.07941,1.07497,2024-06-11 11:00:00+00:00,SL,0.00592,0.00148,0.00296,-0.00148,-1.48,197.12,12
2024-06-12,2024-06-12,BUY,0,2,False,1.07402,1.07256,1.07695,1.07695,2024-06-12 15:00:00+00:00,TP,0.00585,0.00146,0.00293,0.00293,2.93,200.05,16
2024-06-13,2024-06-13,BUY,0,2,False,1.08085,1.07919,1.08417,1.07919,2024-06-13 14:00:00+00:00,SL,0.00664,0.00166,0.00332,-0.00166,-1.66,198.38,15
2024-06-14,2024-06-14,BUY,2,2,True,1.07367,1.07195,1.07711,1.07195,2024-06-14 09:00:00+00:00,SL,0.00687,0.00172,0.00344,-0.00172,-1.72,196.67,10
2024-06-17,2024-06-17,BUY,1,2,False,1.07035,1.0686,1.07384,1.07338,2024-06-17 23:00:00+00:00,EOD,0.00699,0.00175,0.00349,0.00303,3.03,199.7,24
2024-06-18,2024-06-18,BUY,1,2,False,1.07341,1.07172,1.07678,1.07172,2024-06-18 11:00:00+00:00,SL,0.00674,0.00169,0.00337,-0.00169,-1.69,198.01,12
2024-06-19,2024-06-19,BUY,0,2,False,1.07395,1.07232,1.07721,1.07436,2024-06-19 23:00:00+00:00,EOD,0.00653,0.00163,0.00326,0.00041,0.41,198.42,24
2024-06-20,2024-06-20,BUY,0,2,False,1.07422,1.07271,1.07724,1.07271,2024-06-20 10:00:00+00:00,SL,0.00604,0.00151,0.00302,-0.00151,-1.51,196.91,11
2024-06-21,2024-06-21,BUY,2,2,True,1.07016,1.0687,1.07309,1.0687,2024-06-21 10:00:00+00:00,SL,0.00586,0.00146,0.00293,-0.00146,-1.46,195.45,11
2024-06-24,2024-06-24,BUY,0,2,False,1.06827,1.06684,1.07114,1.07114,2024-06-24 10:00:00+00:00,TP,0.00574,0.00143,0.00287,0.00287,2.87,198.31,11
2024-06-25,2024-06-25,BUY,0,2,False,1.0729,1.07144,1.07583,1.07144,2024-06-25 14:00:00+00:00,SL,0.00585,0.00146,0.00293,-0.00146,-1.46,196.85,15
2024-06-26,2024-06-26,BUY,2,2,True,1.0714,1.06995,1.07429,1.06995,2024-06-26 09:00:00+00:00,SL,0.00578,0.00145,0.00289,-0.00145,-1.45,195.41,10
2024-06-27,2024-06-27,BUY,1,2,False,1.06804,1.06661,1.07089,1.07089,2024-06-27 15:00:00+00:00,TP,0.00571,0.00143,0.00285,0.00285,2.85,198.26,16
2024-06-28,2024-06-28,BUY,2,2,True,1.07034,1.06894,1.07314,1.06894,2024-06-28 04:00:00+00:00,SL,0.0056,0.0014,0.0028,-0.0014,-1.4,196.86,5
2024-07-01,2024-07-01,BUY,0,2,False,1.07441,1.07306,1.0771,1.0771,2024-07-01 09:00:00+00:00,TP,0.00538,0.00135,0.00269,0.00269,2.69,199.55,10
2024-07-02,2024-07-02,BUY,2,2,True,1.07402,1.07265,1.07677,1.07265,2024-07-02 09:00:00+00:00,SL,0.0055,0.00137,0.00275,-0.00137,-1.37,198.17,10
2024-07-03,2024-07-03,BUY,2,2,True,1.07437,1.07305,1.077,1.077,2024-07-03 15:00:00+00:00,TP,0.00526,0.00132,0.00263,0.00263,2.63,200.81,16
2024-07-04,2024-07-04,BUY,2,2,True,1.07834,1.07693,1.08116,1.08116,2024-07-04 18:00:00+00:00,TP,0.00563,0.00141,0.00282,0.00282,2.82,203.62,19
2024-07-05,2024-07-05,BUY,2,2,True,1.08106,1.07972,1.08374,1.08374,2024-07-05 15:00:00+00:00,TP,0.00537,0.00134,0.00268,0.00268,2.68,206.3,16
2024-07-08,2024-07-08,BUY,1,2,False,1.08013,1.07883,1.08274,1.08274,2024-07-08 01:00:00+00:00,TP,0.00522,0.0013,0.00261,0.00261,2.61,208.91,2
2024-07-09,2024-07-09,BUY,1,2,False,1.08236,1.08108,1.08491,1.08108,2024-07-09 17:00:00+00:00,SL,0.00511,0.00128,0.00255,-0.00128,-1.28,207.64,18
2024-07-10,2024-07-10,BUY,2,2,True,1.08134,1.08014,1.08374,1.08301,2024-07-10 23:00:00+00:00,EOD,0.0048,0.0012,0.0024,0.00167,1.67,209.31,24
2024-07-11,2024-07-11,BUY,2,2,True,1.08296,1.08185,1.08518,1.08518,2024-07-11 12:00:00+00:00,TP,0.00445,0.00111,0.00222,0.00222,2.22,211.53,13
2024-07-12,2024-07-12,BUY,2,2,True,1.08679,1.08558,1.08922,1.08922,2024-07-12 14:00:00+00:00,TP,0.00486,0.00121,0.00243,0.00243,2.43,213.96,15
2024-07-15,2024-07-15,BUY,1,2,False,1.08845,1.08723,1.0909,1.0909,2024-07-15 11:00:00+00:00,TP,0.0049,0.00122,0.00245,0.00245,2.45,216.41,12
2024-07-16,2024-07-16,BUY,2,2,True,1.08935,1.08816,1.09174,1.08816,2024-07-16 15:00:00+00:00,SL,0.00478,0.00119,0.00239,-0.00119,-1.19,215.21,16
2024-07-17,2024-07-17,BUY,0,2,False,1.08981,1.08866,1.09211,1.09211,2024-07-17 11:00:00+00:00,TP,0.00459,0.00115,0.0023,0.0023,2.3,217.51,12
2024-07-18,2024-07-18,BUY,1,2,False,1.0938,1.09262,1.09615,1.09262,2024-07-18 15:00:00+00:00,SL,0.0047,0.00118,0.00235,-0.00118,-1.18,216.33,16
2024-07-19,2024-07-19,BUY,1,2,False,1.08953,1.08835,1.09188,1.08835,2024-07-19 09:00:00+00:00,SL,0.00471,0.00118,0.00235,-0.00118,-1.18,215.16,10
2024-07-22,2024-07-22,BUY,0,2,False,1.08854,1.08743,1.09075,1.08743,2024-07-22 17:00:00+00:00,SL,0.00443,0.00111,0.00221,-0.00111,-1.11,214.05,18
2024-07-23,2024-07-23,BUY,0,2,False,1.08906,1.088,1.09118,1.088,2024-07-23 09:00:00+00:00,SL,0.00423,0.00106,0.00212,-0.00106,-1.06,212.99,10
2024-07-24,2024-07-24,BUY,1,2,False,1.08534,1.08425,1.08753,1.08425,2024-07-24 05:00:00+00:00,SL,0.00437,0.00109,0.00219,-0.00109,-1.09,211.9,6
2024-07-25,2024-07-25,BUY,2,2,True,1.08396,1.08288,1.08613,1.08288,2024-07-25 10:00:00+00:00,SL,0.00433,0.00108,0.00217,-0.00108,-1.08,210.82,11
2024-07-26,2024-07-26,BUY,0,2,False,1.08456,1.08348,1.08672,1.08672,2024-07-26 16:00:00+00:00,TP,0.00431,0.00108,0.00216,0.00216,2.16,212.97,17
2024-07-29,2024-07-29,BUY,0,2,False,1.08541,1.08439,1.08745,1.08439,2024-07-29 10:00:00+00:00,SL,0.00409,0.00102,0.00204,-0.00102,-1.02,211.95,11
2024-07-30,2024-07-30,BUY,2,2,True,1.08212,1.08101,1.08434,1.08101,2024-07-30 15:00:00+00:00,SL,0.00444,0.00111,0.00222,-0.00111,-1.11,210.84,16
2024-07-31,2024-07-31,BUY,0,2,False,1.08144,1.08035,1.08361,1.08361,2024-07-31 14:00:00+00:00,TP,0.00435,0.00109,0.00217,0.00217,2.17,213.01,15
2024-08-01,2024-08-01,BUY,2,2,True,1.08252,1.08142,1.08472,1.08142,2024-08-01 09:00:00+00:00,SL,0.0044,0.0011,0.0022,-0.0011,-1.1,211.91,10
2024-08-02,2024-08-02,BUY,1,2,False,1.07911,1.07796,1.0814,1.0814,2024-08-02 11:00:00+00:00,TP,0.00459,0.00115,0.00229,0.00229,2.29,214.21,12
2024-08-05,2024-08-05,BUY,0,2,False,1.0924,1.09092,1.09535,1.09092,2024-08-05 01:00:00+00:00,SL,0.00591,0.00148,0.00295,-0.00148,-1.48,212.73,2
2024-08-06,2024-08-06,BUY,1,2,False,1.09517,1.0935,1.0985,1.0935,2024-08-06 09:00:00+00:00,SL,0.00667,0.00167,0.00333,-0.00167,-1.67,211.06,10
2024-08-07,2024-08-07,BUY,0,2,False,1.09284,1.0912,1.09612,1.0912,2024-08-07 04:00:00+00:00,SL,0.00657,0.00164,0.00328,-0.00164,-1.64,209.42,5
2024-08-08,2024-08-08,BUY,1,2,False,1.0921,1.09057,1.09515,1.09057,2024-08-08 15:00:00+00:00,SL,0.00611,0.00153,0.00305,-0.00153,-1.53,207.89,16
2024-08-09,2024-08-09,BUY,1,2,False,1.09185,1.09031,1.09492,1.09156,2024-08-09 23:00:00+00:00,EOD,0.00614,0.00154,0.00307,-0.00029,-0.29,207.6,24
2024-08-12,2024-08-12,BUY,2,2,True,1.09145,1.09005,1.09426,1.09321,2024-08-12 23:00:00+00:00,EOD,0.00562,0.0014,0.00281,0.00176,1.76,209.36,24
2024-08-13,2024-08-13,BUY,2,2,True,1.09314,1.09182,1.09577,1.09182,2024-08-13 12:00:00+00:00,SL,0.00526,0.00132,0.00263,-0.00132,-1.32,208.05,13
2024-08-14,2024-08-14,BUY,0,2,False,1.09927,1.09784,1.10212,1.10212,2024-08-14 12:00:00+00:00,TP,0.0057,0.00143,0.00285,0.00285,2.85,210.9,13
2024-08-15,2024-08-15,BUY,2,2,True,1.10124,1.09979,1.10415,1.09979,2024-08-15 15:00:00+00:00,SL,0.00581,0.00145,0.00291,-0.00145,-1.45,209.45,16
2024-08-16,2024-08-16,BUY,2,2,True,1.09725,1.09577,1.10021,1.10021,2024-08-16 16:00:00+00:00,TP,0.00592,0.00148,0.00296,0.00296,2.96,212.41,17
2024-08-19,2024-08-19,BUY,2,2,True,1.10277,1.10128,1.10576,1.10576,2024-08-19 17:00:00+00:00,TP,0.00598,0.00149,0.00299,0.00299,2.99,215.4,18
2024-08-20,2024-08-20,BUY,0,2,False,1.10847,1.10696,1.11149,1.11149,2024-08-20 17:00:00+00:00,TP,0.00604,0.00151,0.00302,0.00302,3.02,218.42,18
2024-08-21,2024-08-21,BUY,1,2,False,1.11295,1.11145,1.11596,1.11145,2024-08-21 09:00:00+00:00,SL,0.00602,0.0015,0.00301,-0.0015,-1.5,216.91,10
2024-08-22,2024-08-22,BUY,2,2,True,1.11494,1.11339,1.11805,1.11339,2024-08-22 10:00:00+00:00,SL,0.00622,0.00155,0.00311,-0.00155,-1.55,215.36,11
2024-08-23,2024-08-23,BUY,0,2,False,1.1112,1.10963,1.11434,1.11434,2024-08-23 17:00:00+00:00,TP,0.00628,0.00157,0.00314,0.00314,3.14,218.5,18
2024-08-26,2024-08-26,BUY,1,2,False,1.11868,1.117,1.12205,1.117,2024-08-26 13:00:00+00:00,SL,0.00674,0.00168,0.00337,-0.00168,-1.68,216.81,14
2024-08-27,2024-08-27,BUY,0,2,False,1.11609,1.11446,1.11935,1.11842,2024-08-27 23:00:00+00:00,EOD,0.00653,0.00163,0.00326,0.00233,2.33,219.14,24
2024-08-28,2024-08-28,BUY,0,2,False,1.11835,1.1168,1.12145,1.1168,2024-08-28 05:00:00+00:00,SL,0.00619,0.00155,0.0031,-0.00155,-1.55,217.6,6
2024-08-29,2024-08-29,BUY,0,2,False,1.11195,1.11034,1.11517,1.11034,2024-08-29 11:00:00+00:00,SL,0.00644,0.00161,0.00322,-0.00161,-1.61,215.99,12
2024-08-30,2024-08-30,BUY,1,2,False,1.10772,1.10604,1.11107,1.10604,2024-08-30 15:00:00+00:00,SL,0.0067,0.00168,0.00335,-0.00168,-1.68,214.31,16
2024-09-02,2024-09-02,BUY,0,2,False,1.10471,1.10309,1.10796,1.10723,2024-09-02 23:00:00+00:00,EOD,0.00649,0.00162,0.00325,0.00252,2.52,216.83,24
2024-09-03,2024-09-03,BUY,2,2,True,1.10711,1.10559,1.11016,1.10559,2024-09-03 07:00:00+00:00,SL,0.0061,0.00152,0.00305,-0.00152,-1.52,215.31,8
2024-09-04,2024-09-04,BUY,2,2,True,1.10431,1.10283,1.10726,1.10726,2024-09-04 17:00:00+00:00,TP,0.0059,0.00148,0.00295,0.00295,2.95,218.26,18
2024-09-05,2024-09-05,BUY,1,2,False,1.10819,1.10671,1.11115,1.11115,2024-09-05 15:00:00+00:00,TP,0.00591,0.00148,0.00296,0.00296,2.96,221.21,16
2024-09-06,2024-09-06,BUY,0,2,False,1.11102,1.10959,1.11388,1.10959,2024-09-06 15:00:00+00:00,SL,0.00572,0.00143,0.00286,-0.00143,-1.43,219.78,16
2024-09-09,2024-09-09,BUY,1,2,False,1.10785,1.10631,1.11093,1.10631,2024-09-09 09:00:00+00:00,SL,0.00616,0.00154,0.00308,-0.00154,-1.54,218.24,10
2024-09-10,2024-09-10,BUY,2,2,True,1.10344,1.10191,1.10649,1.10191,2024-09-10 16:00:00+00:00,SL,0.0061,0.00153,0.00305,-0.00153,-1.53,216.72,17
2024-09-11,2024-09-11,BUY,2,2,True,1.10194,1.1005,1.10481,1.10481,2024-09-11 08:00:00+00:00,TP,0.00575,0.00144,0.00287,0.00287,2.87,219.59,9
2024-09-12,2024-09-12,BUY,1,2,False,1.10118,1.09976,1.10402,1.10402,2024-09-12 16:00:00+00:00,TP,0.00569,0.00142,0.00284,0.00284,2.84,222.44,17
2024-09-13,2024-09-13,BUY,2,2,True,1.10741,1.10595,1.11034,1.10744,2024-09-13 23:00:00+00:00,EOD,0.00586,0.00146,0.00293,3e-05,0.03,222.47,24
2024-09-16,2024-09-16,BUY,1,2,False,1.1077,1.10632,1.11047,1.11047,2024-09-16 06:00:00+00:00,TP,0.00553,0.00138,0.00277,0.00277,2.77,225.23,7
2024-09-17,2024-09-17,BUY,2,2,True,1.11325,1.11184,1.11607,1.11184,2024-09-17 10:00:00+00:00,SL,0.00565,0.00141,0.00282,-0.00141,-1.41,223.82,11
2024-09-18,2024-09-18,BUY,0,2,False,1.11135,1.11001,1.11403,1.11403,2024-09-18 21:00:00+00:00,TP,0.00536,0.00134,0.00268,0.00268,2.68,226.5,22
2024-09-19,2024-09-19,BUY,1,2,False,1.11186,1.11039,1.1148,1.11039,2024-09-19 03:00:00+00:00,SL,0.00587,0.00147,0.00294,-0.00147,-1.47,225.03,4
2024-09-20,2024-09-20,BUY,0,2,False,1.11613,1.11449,1.11941,1.11449,2024-09-20 17:00:00+00:00,SL,0.00656,0.00164,0.00328,-0.00164,-1.64,223.39,18
2024-09-23,2024-09-23,BUY,2,2,True,1.11599,1.11442,1.11914,1.11442,2024-09-23 10:00:00+00:00,SL,0.0063,0.00157,0.00315,-0.00157,-1.57,221.82,11
2024-09-24,2024-09-24,BUY,2,2,True,1.11109,1.10943,1.1144,1.1144,2024-09-24 11:00:00+00:00,TP,0.00663,0.00166,0.00331,0.00331,3.31,225.13,12
2024-09-25,2024-09-25,BUY,2,2,True,1.11793,1.11624,1.12132,1.12132,2024-09-25 16:00:00+00:00,TP,0.00677,0.00169,0.00339,0.00339,3.39,228.52,17
2024-09-26,2024-09-26,BUY,0,2,False,1.11327,1.11149,1.11682,1.11682,2024-09-26 17:00:00+00:00,TP,0.0071,0.00178,0.00355,0.00355,3.55,232.07,18
2024-09-27,2024-09-27,BUY,2,2,True,1.11767,1.11592,1.12117,1.11592,2024-09-27 08:00:00+00:00,SL,0.007,0.00175,0.0035,-0.00175,-1.75,230.32,9
2024-09-30,2024-09-30,BUY,0,2,False,1.11568,1.1139,1.11924,1.11924,2024-09-30 11:00:00+00:00,TP,0.00711,0.00178,0.00356,0.00356,3.56,233.88,12
2024-10-01,2024-10-01,BUY,1,2,False,1.11346,1.1116,1.11718,1.1116,2024-10-01 10:00:00+00:00,SL,0.00743,0.00186,0.00372,-0.00186,-1.86,232.02,11
2024-10-02,2024-10-02,BUY,1,2,False,1.10676,1.10482,1.11064,1.10482,2024-10-02 16:00:00+00:00,SL,0.00775,0.00194,0.00388,-0.00194,-1.94,230.08,17
2024-10-03,2024-10-03,BUY,0,2,False,1.10438,1.10253,1.10807,1.10253,2024-10-03 08:00:00+00:00,SL,0.00739,0.00185,0.00369,-0.00185,-1.85,228.24,9
2024-10-04,2024-10-04,BUY,1,2,False,1.10302,1.10128,1.1065,1.10128,2024-10-04 15:00:00+00:00,SL,0.00695,0.00174,0.00348,-0.00174,-1.74,226.5,16
2024-10-07,2024-10-07,BUY,1,2,False,1.09637,1.09457,1.09997,1.09742,2024-10-07 23:00:00+00:00,EOD,0.0072,0.0018,0.0036,0.00105,1.05,227.55,24
2024-10-08,2024-10-08,BUY,0,2,False,1.0973,1.09563,1.10064,1.09804,2024-10-08 23:00:00+00:00,EOD,0.00668,0.00167,0.00334,0.00074,0.74,228.29,24
2024-10-09,2024-10-09,BUY,1,2,False,1.09758,1.09601,1.10072,1.09601,2024-10-09 10:00:00+00:00,SL,0.00627,0.00157,0.00314,-0.00157,-1.57,226.72,11
2024-10-10,2024-10-10,BUY,1,2,False,1.09388,1.09237,1.0969,1.09237,2024-10-10 15:00:00+00:00,SL,0.00603,0.00151,0.00302,-0.00151,-1.51,225.21,16
2024-10-11,2024-10-11,BUY,0,2,False,1.09262,1.09113,1.0956,1.09366,2024-10-11 23:00:00+00:00,EOD,0.00596,0.00149,0.00298,0.00104,1.04,226.25,24
2024-10-14,2024-10-14,BUY,1,2,False,1.09309,1.0917,1.09587,1.0917,2024-10-14 03:00:00+00:00,SL,0.00556,0.00139,0.00278,-0.00139,-1.39,224.86,4
2024-10-15,2024-10-15,BUY,0,2,False,1.09085,1.08948,1.09358,1.08948,2024-10-15 07:00:00+00:00,SL,0.00547,0.00137,0.00273,-0.00137,-1.37,223.49,8
2024-10-16,2024-10-16,BUY,0,2,False,1.089,1.0877,1.0916,1.0877,2024-10-16 09:00:00+00:00,SL,0.0052,0.0013,0.0026,-0.0013,-1.3,222.19,10
2024-10-17,2024-10-17,BUY,2,2,True,1.08617,1.08488,1.08875,1.08488,2024-10-17 15:00:00+00:00,SL,0.00515,0.00129,0.00258,-0.00129,-1.29,220.9,16
2024-10-18,2024-10-18,BUY,0,2,False,1.08311,1.08178,1.08576,1.08576,2024-10-18 15:00:00+00:00,TP,0.0053,0.00133,0.00265,0.00265,2.65,223.56,16
2024-10-21,2024-10-21,BUY,1,2,False,1.08605,1.08475,1.08865,1.08475,2024-10-21 10:00:00+00:00,SL,0.00519,0.0013,0.0026,-0.0013,-1.3,222.26,11
2024-10-22,2024-10-22,BUY,0,2,False,1.0815,1.08017,1.08415,1.08017,2024-10-22 16:00:00+00:00,SL,0.00531,0.00133,0.00265,-0.00133,-1.33,220.93,17
2024-10-23,2024-10-23,BUY,2,2,True,1.07978,1.07848,1.08238,1.07848,2024-10-23 10:00:00+00:00,SL,0.00521,0.0013,0.0026,-0.0013,-1.3,219.63,11
2024-10-24,2024-10-24,BUY,0,2,False,1.07812,1.07684,1.08068,1.08068,2024-10-24 11:00:00+00:00,TP,0.00512,0.00128,0.00256,0.00256,2.56,222.19,12
2024-10-25,2024-10-25,BUY,2,2,True,1.08272,1.08141,1.08533,1.08141,2024-10-25 10:00:00+00:00,SL,0.00523,0.00131,0.00261,-0.00131,-1.31,220.88,11
2024-10-28,2024-10-28,BUY,0,2,False,1.07931,1.07802,1.08188,1.08188,2024-10-28 11:00:00+00:00,TP,0.00515,0.00129,0.00257,0.00257,2.57,223.45,12
2024-10-29,2024-10-29,BUY,2,2,True,1.0812,1.07993,1.08373,1.07993,2024-10-29 14:00:00+00:00,SL,0.00507,0.00127,0.00253,-0.00127,-1.27,222.19,15
2024-10-30,2024-10-30,BUY,2,2,True,1.08179,1.0805,1.08437,1.08437,2024-10-30 11:00:00+00:00,TP,0.00516,0.00129,0.00258,0.00258,2.58,224.77,12
2024-10-31,2024-10-31,BUY,0,2,False,1.08558,1.08425,1.08824,1.08824,2024-10-31 15:00:00+00:00,TP,0.00531,0.00133,0.00266,0.00266,2.66,227.42,16
2024-11-01,2024-11-01,BUY,2,2,True,1.08832,1.08702,1.09092,1.08702,2024-11-01 10:00:00+00:00,SL,0.00519,0.0013,0.0026,-0.0013,-1.3,226.12,11
2024-11-04,2024-11-04,BUY,2,2,True,1.08785,1.08648,1.09059,1.09059,2024-11-04 13:00:00+00:00,TP,0.00549,0.00137,0.00274,0.00274,2.74,228.87,14
2024-11-05,2024-11-05,BUY,0,2,False,1.08761,1.08615,1.09053,1.09053,2024-11-05 16:00:00+00:00,TP,0.00583,0.00146,0.00292,0.00292,2.92,231.78,17
2024-11-06,2024-11-06,BUY,2,2,True,1.09286,1.09138,1.09582,1.09138,2024-11-06 01:00:00+00:00,SL,0.00593,0.00148,0.00296,-0.00148,-1.48,230.3,2
2024-11-07,2024-11-07,BUY,0,2,False,1.07249,1.07036,1.07676,1.07676,2024-11-07 09:00:00+00:00,TP,0.00854,0.00213,0.00427,0.00427,4.27,234.57,10
2024-11-08,2024-11-08,BUY,0,2,False,1.08038,1.07816,1.08482,1.07816,2024-11-08 03:00:00+00:00,SL,0.00889,0.00222,0.00444,-0.00222,-2.22,232.35,4
2024-11-11,2024-11-11,BUY,0,2,False,1.0702,1.06788,1.07484,1.06788,2024-11-11 10:00:00+00:00,SL,0.00928,0.00232,0.00464,-0.00232,-2.32,230.03,11
2024-11-12,2024-11-12,BUY,0,2,False,1.06502,1.06268,1.0697,1.06268,2024-11-12 09:00:00+00:00,SL,0.00937,0.00234,0.00468,-0.00234,-2.34,227.69,10
2024-11-13,2024-11-13,BUY,0,2,False,1.06207,1.05981,1.06658,1.05981,2024-11-13 10:00:00+00:00,SL,0.00903,0.00226,0.00451,-0.00226,-2.26,225.43,11
2024-11-14,2024-11-14,BUY,2,2,True,1.05625,1.05397,1.06082,1.05397,2024-11-14 07:00:00+00:00,SL,0.00914,0.00228,0.00457,-0.00228,-2.28,223.14,8
2024-11-15,2024-11-15,BUY,2,2,True,1.053,1.05073,1.05753,1.05753,2024-11-15 11:00:00+00:00,TP,0.00907,0.00227,0.00453,0.00453,4.53,227.68,12
2024-11-18,2024-11-18,BUY,0,2,False,1.05301,1.05079,1.05745,1.05745,2024-11-18 17:00:00+00:00,TP,0.00888,0.00222,0.00444,0.00444,4.44,232.12,18
2024-11-19,2024-11-19,BUY,0,2,False,1.05981,1.05763,1.06418,1.05763,2024-11-19 09:00:00+00:00,SL,0.00874,0.00218,0.00437,-0.00218,-2.18,229.93,10
2024-11-20,2024-11-20,BUY,0,2,False,1.05941,1.05726,1.06371,1.05726,2024-11-20 10:00:00+00:00,SL,0.0086,0.00215,0.0043,-0.00215,-2.15,227.78,11
2024-11-21,2024-11-21,BUY,1,2,False,1.05432,1.05211,1.05873,1.05211,2024-11-21 11:00:00+00:00,SL,0.00883,0.00221,0.00441,-0.00221,-2.21,225.58,12
2024-11-22,2024-11-22,BUY,2,2,True,1.04741,1.04519,1.05185,1.04519,2024-11-22 10:00:00+00:00,SL,0.00889,0.00222,0.00444,-0.00222,-2.22,223.36,11
2024-11-25,2024-11-25,BUY,0,2,False,1.04811,1.04564,1.05306,1.04564,2024-11-25 09:00:00+00:00,SL,0.0099,0.00247,0.00495,-0.00247,-2.47,220.88,10
2024-11-26,2024-11-26,BUY,2,2,True,1.04932,1.04681,1.05435,1.04681,2024-11-26 01:00:00+00:00,SL,0.01006,0.00251,0.00503,-0.00251,-2.51,218.37,2
2024-11-27,2024-11-27,BUY,1,2,False,1.0483,1.04572,1.05346,1.05346,2024-11-27 10:00:00+00:00,TP,0.01031,0.00258,0.00516,0.00516,5.16,223.52,11
2024-11-28,2024-11-28,BUY,1,2,False,1.05658,1.05397,1.0618,1.05397,2024-11-28 09:00:00+00:00,SL,0.01045,0.00261,0.00522,-0.00261,-2.61,220.91,10
2024-11-29,2024-11-29,BUY,0,2,False,1.05489,1.05248,1.0597,1.0597,2024-11-29 09:00:00+00:00,TP,0.00962,0.00241,0.00481,0.00481,4.81,225.72,10
2024-12-02,2024-12-02,BUY,1,2,False,1.05615,1.05388,1.06069,1.05388,2024-12-02 01:00:00+00:00,SL,0.00908,0.00227,0.00454,-0.00227,-2.27,223.45,2
2024-12-03,2024-12-03,BUY,1,2,False,1.04974,1.04739,1.05444,1.05094,2024-12-03 23:00:00+00:00,EOD,0.00941,0.00235,0.0047,0.0012,1.2,224.65,24
2024-12-04,2024-12-04,BUY,2,2,True,1.05074,1.04852,1.05518,1.04852,2024-12-04 11:00:00+00:00,SL,0.00888,0.00222,0.00444,-0.00222,-2.22,222.43,12
2024-12-05,2024-12-05,BUY,2,2,True,1.05076,1.0486,1.05509,1.05509,2024-12-05 15:00:00+00:00,TP,0.00865,0.00216,0.00433,0.00433,4.33,226.76,16
2024-12-06,2024-12-06,BUY,1,2,False,1.05835,1.05619,1.06267,1.06267,2024-12-06 15:00:00+00:00,TP,0.00864,0.00216,0.00432,0.00432,4.32,231.08,16
2024-12-09,2024-12-09,BUY,0,2,False,1.05555,1.05339,1.05988,1.05339,2024-12-09 06:00:00+00:00,SL,0.00866,0.00216,0.00433,-0.00216,-2.16,228.91,7
2024-12-10,2024-12-10,BUY,0,2,False,1.05531,1.05323,1.05947,1.05323,2024-12-10 11:00:00+00:00,SL,0.00833,0.00208,0.00416,-0.00208,-2.08,226.83,12
2024-12-11,2024-12-11,BUY,1,2,False,1.05271,1.05067,1.05678,1.05067,2024-12-11 09:00:00+00:00,SL,0.00815,0.00204,0.00407,-0.00204,-2.04,224.8,10
2024-12-12,2024-12-12,BUY,2,2,True,1.04931,1.04735,1.05324,1.04735,2024-12-12 15:00:00+00:00,SL,0.00785,0.00196,0.00393,-0.00196,-1.96,222.83,16
2024-12-13,2024-12-13,BUY,2,2,True,1.04664,1.04472,1.05049,1.05049,2024-12-13 14:00:00+00:00,TP,0.0077,0.00192,0.00385,0.00385,3.85,226.68,15
2024-12-16,2024-12-16,BUY,1,2,False,1.0485,1.04659,1.05231,1.05231,2024-12-16 10:00:00+00:00,TP,0.00762,0.00191,0.00381,0.00381,3.81,230.49,11
2024-12-17,2024-12-17,BUY,0,2,False,1.05105,1.04923,1.05469,1.04923,2024-12-17 10:00:00+00:00,SL,0.00727,0.00182,0.00364,-0.00182,-1.82,228.67,11
2024-12-18,2024-12-18,BUY,2,2,True,1.04907,1.04731,1.05259,1.04731,2024-12-18 17:00:00+00:00,SL,0.00704,0.00176,0.00352,-0.00176,-1.76,226.91,18
2024-12-19,2024-12-19,BUY,2,2,True,1.03514,1.03305,1.03932,1.03932,2024-12-19 09:00:00+00:00,TP,0.00835,0.00209,0.00418,0.00418,4.18,231.09,10
2024-12-20,2024-12-20,BUY,0,2,False,1.0365,1.03443,1.04064,1.03443,2024-12-20 08:00:00+00:00,SL,0.00829,0.00207,0.00414,-0.00207,-2.07,229.02,9
2024-12-23,2024-12-23,BUY,1,2,False,1.04307,1.04093,1.04736,1.04093,2024-12-23 10:00:00+00:00,SL,0.00857,0.00214,0.00429,-0.00214,-2.14,226.88,11
2024-12-24,2024-12-24,BUY,1,2,False,1.0405,1.03844,1.04462,1.03844,2024-12-24 19:00:00+00:00,SL,0.00825,0.00206,0.00412,-0.00206,-2.06,224.81,20
2024-12-26,2024-12-26,BUY,1,2,False,1.0398,1.03792,1.04355,1.04229,2024-12-26 23:00:00+00:00,EOD,0.0075,0.00188,0.00375,0.00249,2.49,227.3,24
2024-12-27,2024-12-27,BUY,2,2,True,1.0413,1.03954,1.04481,1.04229,2024-12-27 23:00:00+00:00,EOD,0.00703,0.00176,0.00351,0.00099,0.99,228.29,24
2024-12-30,2024-12-30,BUY,0,2,False,1.04163,1.03998,1.04494,1.04494,2024-12-30 13:00:00+00:00,TP,0.00661,0.00165,0.00331,0.00331,3.31,231.6,14
2024-12-31,2024-12-31,BUY,0,2,False,1.04068,1.03896,1.04412,1.03896,2024-12-31 15:00:00+00:00,SL,0.00689,0.00172,0.00344,-0.00172,-1.72,229.88,16
2025-01-02,2025-01-02,BUY,2,2,True,1.03515,1.03339,1.03867,1.03339,2025-01-02 12:00:00+00:00,SL,0.00704,0.00176,0.00352,-0.00176,-1.76,228.12,13
2025-01-03,2025-01-03,BUY,2,2,True,1.02572,1.02369,1.02978,1.02978,2025-01-03 11:00:00+00:00,TP,0.00812,0.00203,0.00406,0.00406,4.06,232.18,12
2025-01-06,2025-01-06,BUY,2,2,True,1.03021,1.02826,1.03411,1.03411,2025-01-06 10:00:00+00:00,TP,0.00779,0.00195,0.0039,0.0039,3.9,236.08,11
2025-01-07,2025-01-07,BUY,0,2,False,1.03896,1.0368,1.04328,1.04328,2025-01-07 11:00:00+00:00,TP,0.00864,0.00216,0.00432,0.00432,4.32,240.4,12
2025-01-08,2025-01-08,BUY,1,2,False,1.03401,1.03182,1.03839,1.03182,2025-01-08 10:00:00+00:00,SL,0.00875,0.00219,0.00438,-0.00219,-2.19,238.21,11
2025-01-09,2025-01-09,BUY,0,2,False,1.03181,1.02963,1.03617,1.02963,2025-01-09 09:00:00+00:00,SL,0.00871,0.00218,0.00436,-0.00218,-2.18,236.03,10
2025-01-10,2025-01-10,BUY,0,2,False,1.02989,1.02788,1.03392,1.02788,2025-01-10 15:00:00+00:00,SL,0.00806,0.00201,0.00403,-0.00201,-2.01,234.02,16
2025-01-13,2025-01-13,BUY,2,2,True,1.02236,1.02029,1.02651,1.02029,2025-01-13 11:00:00+00:00,SL,0.0083,0.00207,0.00415,-0.00207,-2.07,231.94,12
2025-01-14,2025-01-14,BUY,2,2,True,1.02443,1.02239,1.02851,1.02851,2025-01-14 17:00:00+00:00,TP,0.00816,0.00204,0.00408,0.00408,4.08,236.02,18
2025-01-15,2025-01-15,BUY,1,2,False,1.03047,1.02847,1.03448,1.03448,2025-01-15 15:00:00+00:00,TP,0.00801,0.002,0.00401,0.00401,4.01,240.03,16
2025-01-16,2025-01-16,BUY,1,2,False,1.02884,1.02679,1.03295,1.02679,2025-01-16 14:00:00+00:00,SL,0.00821,0.00205,0.00411,-0.00205,-2.05,237.97,15
2025-01-17,2025-01-17,BUY,2,2,True,1.02956,1.0276,1.03348,1.0276,2025-01-17 16:00:00+00:00,SL,0.00784,0.00196,0.00392,-0.00196,-1.96,236.01,17
2025-01-20,2025-01-20,BUY,0,2,False,1.0275,1.02558,1.03133,1.03133,2025-01-20 08:00:00+00:00,TP,0.00767,0.00192,0.00383,0.00383,3.83,239.85,9
2025-01-21,2025-01-21,BUY,1,2,False,1.04156,1.03934,1.046,1.03934,2025-01-21 02:00:00+00:00,SL,0.00889,0.00222,0.00444,-0.00222,-2.22,237.63,3
2025-01-22,2025-01-22,BUY,1,2,False,1.04247,1.04023,1.04694,1.04023,2025-01-22 01:00:00+00:00,SL,0.00895,0.00224,0.00447,-0.00224,-2.24,235.39,2
2025-01-23,2025-01-23,BUY,2,2,True,1.04083,1.03868,1.04514,1.03868,2025-01-23 18:00:00+00:00,SL,0.00862,0.00215,0.00431,-0.00215,-2.15,233.23,19
2025-01-24,2025-01-24,BUY,2,2,True,1.0415,1.03941,1.04568,1.04568,2025-01-24 08:00:00+00:00,TP,0.00835,0.00209,0.00418,0.00418,4.18,237.41,9
2025-01-27,2025-01-27,BUY,0,2,False,1.04597,1.04379,1.05032,1.05032,2025-01-27 12:00:00+00:00,TP,0.0087,0.00218,0.00435,0.00435,4.35,241.76,13
2025-01-28,2025-01-28,BUY,0,2,False,1.04915,1.047,1.05345,1.047,2025-01-28 01:00:00+00:00,SL,0.0086,0.00215,0.0043,-0.00215,-2.15,239.61,2
2025-01-29,2025-01-29,BUY,2,2,True,1.043,1.04087,1.04726,1.04087,2025-01-29 11:00:00+00:00,SL,0.00851,0.00213,0.00426,-0.00213,-2.13,237.48,12
2025-01-30,2025-01-30,BUY,2,2,True,1.04207,1.04002,1.04617,1.04002,2025-01-30 12:00:00+00:00,SL,0.0082,0.00205,0.0041,-0.00205,-2.05,235.43,13
2025-01-31,2025-01-31,BUY,1,2,False,1.03882,1.03677,1.04292,1.03677,2025-01-31 11:00:00+00:00,SL,0.00819,0.00205,0.0041,-0.00205,-2.05,233.39,12
2025-02-03,2025-02-03,BUY,0,2,False,1.02357,1.02152,1.02768,1.02152,2025-02-03 02:00:00+00:00,SL,0.00821,0.00205,0.00411,-0.00205,-2.05,231.33,3
2025-02-04,2025-02-04,BUY,2,2,True,1.03436,1.03209,1.0389,1.03209,2025-02-04 02:00:00+00:00,SL,0.00908,0.00227,0.00454,-0.00227,-2.27,229.06,3
2025-02-05,2025-02-05,BUY,0,2,False,1.03785,1.0355,1.04255,1.04255,2025-02-05 12:00:00+00:00,TP,0.00941,0.00235,0.0047,0.0047,4.7,233.77,13
2025-02-06,2025-02-06,BUY,1,2,False,1.0402,1.03792,1.04476,1.03792,2025-02-06 09:00:00+00:00,SL,0.00913,0.00228,0.00456,-0.00228,-2.28,231.48,10
2025-02-07,2025-02-07,BUY,2,2,True,1.03831,1.03616,1.04262,1.03616,2025-02-07 15:00:00+00:00,SL,0.00862,0.00215,0.00431,-0.00215,-2.15,229.33,16
2025-02-10,2025-02-10,BUY,2,2,True,1.02889,1.02668,1.03332,1.03332,2025-02-10 11:00:00+00:00,TP,0.00886,0.00221,0.00443,0.00443,4.43,233.76,12
2025-02-11,2025-02-11,BUY,0,2,False,1.03065,1.02855,1.03485,1.03485,2025-02-11 18:00:00+00:00,TP,0.00841,0.0021,0.0042,0.0042,4.2,237.96,19
2025-02-12,2025-02-12,BUY,2,2,True,1.03609,1.03397,1.04033,1.03397,2025-02-12 15:00:00+00:00,SL,0.00848,0.00212,0.00424,-0.00212,-2.12,235.84,16
2025-02-13,2025-02-13,BUY,2,2,True,1.03823,1.03602,1.04266,1.04266,2025-02-13 06:00:00+00:00,TP,0.00885,0.00221,0.00443,0.00443,4.43,240.27,7
2025-02-14,2025-02-14,BUY,1,2,False,1.04636,1.04413,1.05082,1.05082,2025-02-14 16:00:00+00:00,TP,0.00892,0.00223,0.00446,0.00446,4.46,244.73,17
2025-02-17,2025-02-17,BUY,0,2,False,1.04843,1.04627,1.05274,1.04831,2025-02-17 23:00:00+00:00,EOD,0.00862,0.00216,0.00431,-0.00012,-0.12,244.61,24
2025-02-18,2025-02-18,BUY,0,2,False,1.04836,1.04636,1.05236,1.04636,2025-02-18 03:00:00+00:00,SL,0.008,0.002,0.004,-0.002,-2.0,242.61,4
2025-02-19,2025-02-19,BUY,2,2,True,1.04454,1.04264,1.04835,1.04264,2025-02-19 12:00:00+00:00,SL,0.00761,0.0019,0.00381,-0.0019,-1.9,240.71,13
2025-02-20,2025-02-20,BUY,0,2,False,1.04225,1.0404,1.04595,1.04595,2025-02-20 16:00:00+00:00,TP,0.0074,0.00185,0.0037,0.0037,3.7,244.41,17
2025-02-21,2025-02-21,BUY,2,2,True,1.05008,1.04819,1.05387,1.04819,2025-02-21 10:00:00+00:00,SL,0.00757,0.00189,0.00379,-0.00189,-1.89,242.51,11
2025-02-24,2025-02-24,BUY,2,2,True,1.04693,1.0451,1.05059,1.05059,2025-02-24 02:00:00+00:00,TP,0.00731,0.00183,0.00366,0.00366,3.66,246.17,3
2025-02-25,2025-02-25,BUY,0,2,False,1.04673,1.04489,1.0504,1.0504,2025-02-25 15:00:00+00:00,TP,0.00734,0.00184,0.00367,0.00367,3.67,249.84,16
2025-02-26,2025-02-26,BUY,0,2,False,1.0513,1.0495,1.0549,1.0495,2025-02-26 07:00:00+00:00,SL,0.0072,0.0018,0.0036,-0.0018,-1.8,248.04,8
2025-02-27,2025-02-27,BUY,0,2,False,1.04841,1.04667,1.05189,1.04667,2025-02-27 05:00:00+00:00,SL,0.00696,0.00174,0.00348,-0.00174,-1.74,246.3,6
2025-02-28,2025-02-28,BUY,2,2,True,1.03976,1.03793,1.04342,1.03793,2025-02-28 20:00:00+00:00,SL,0.00731,0.00183,0.00366,-0.00183,-1.83,244.47,21
2025-03-03,2025-03-03,BUY,2,2,True,1.03925,1.03747,1.04282,1.04282,2025-03-03 11:00:00+00:00,TP,0.00714,0.00178,0.00357,0.00357,3.57,248.04,12
2025-03-04,2025-03-04,BUY,2,2,True,1.0486,1.04662,1.05256,1.05256,2025-03-04 11:00:00+00:00,TP,0.00792,0.00198,0.00396,0.00396,3.96,252.0,12
2025-03-05,2025-03-05,BUY,2,2,True,1.06253,1.0603,1.067,1.0603,2025-03-05 05:00:00+00:00,SL,0.00894,0.00223,0.00447,-0.00223,-2.23,249.77,6
2025-03-06,2025-03-06,BUY,2,2,True,1.07866,1.07607,1.08383,1.08383,2025-03-06 15:00:00+00:00,TP,0.01034,0.00259,0.00517,0.00517,5.17,254.94,16
2025-03-07,2025-03-07,BUY,1,2,False,1.07823,1.0757,1.0833,1.0833,2025-03-07 09:00:00+00:00,TP,0.01014,0.00253,0.00507,0.00507,5.07,260.01,10
2025-03-10,2025-03-10,BUY,2,2,True,1.08325,1.08069,1.08838,1.08069,2025-03-10 11:00:00+00:00,SL,0.01025,0.00256,0.00513,-0.00256,-2.56,257.44,12
2025-03-11,2025-03-11,SELL,1,0,False,1.0833,1.08575,1.07839,1.08575,2025-03-11 04:00:00+00:00,SL,0.00981,0.00245,0.00491,-0.00245,-2.45,254.99,5
2025-03-12,2025-03-12,BUY,0,2,False,1.0918,1.08927,1.09686,1.08927,2025-03-12 09:00:00+00:00,SL,0.01012,0.00253,0.00506,-0.00253,-2.53,252.46,10
2025-03-13,2025-03-13,BUY,2,2,True,1.0887,1.08633,1.09345,1.08633,2025-03-13 10:00:00+00:00,SL,0.0095,0.00237,0.00475,-0.00237,-2.37,250.09,11
2025-03-14,2025-03-14,BUY,2,2,True,1.08503,1.08272,1.08964,1.08964,2025-03-14 13:00:00+00:00,TP,0.00923,0.00231,0.00461,0.00461,4.61,254.7,14
2025-03-17,2025-03-17,BUY,1,2,False,1.08771,1.08544,1.09226,1.09226,2025-03-17 18:00:00+00:00,TP,0.00909,0.00227,0.00455,0.00455,4.55,259.25,19
2025-03-18,2025-03-18,BUY,0,2,False,1.09218,1.09001,1.09653,1.09001,2025-03-18 15:00:00+00:00,SL,0.0087,0.00217,0.00435,-0.00217,-2.17,257.07,16
2025-03-19,2025-03-19,BUY,0,2,False,1.09439,1.0923,1.09857,1.0923,2025-03-19 09:00:00+00:00,SL,0.00837,0.00209,0.00418,-0.00209,-2.09,254.98,10
2025-03-20,2025-03-20,BUY,0,2,False,1.0901,1.088,1.0943,1.088,2025-03-20 10:00:00+00:00,SL,0.00839,0.0021,0.0042,-0.0021,-2.1,252.88,11
2025-03-21,2025-03-21,BUY,2,2,True,1.08494,1.08278,1.08926,1.08278,2025-03-21 07:00:00+00:00,SL,0.00864,0.00216,0.00432,-0.00216,-2.16,250.72,8
2025-03-24,2025-03-24,BUY,1,2,False,1.08127,1.07918,1.08544,1.08544,2025-03-24 11:00:00+00:00,TP,0.00834,0.00209,0.00417,0.00417,4.17,254.9,12
2025-03-25,2025-03-25,BUY,0,2,False,1.08003,1.07797,1.08416,1.07797,2025-03-25 11:00:00+00:00,SL,0.00825,0.00206,0.00413,-0.00206,-2.06,252.83,12
2025-03-26,2025-03-26,BUY,2,2,True,1.07901,1.07704,1.08294,1.07704,2025-03-26 16:00:00+00:00,SL,0.00786,0.00197,0.00393,-0.00197,-1.97,250.87,17
2025-03-27,2025-03-27,BUY,2,2,True,1.07539,1.07349,1.07919,1.07349,2025-03-27 00:00:00+00:00,SL,0.0076,0.0019,0.0038,-0.0019,-1.9,248.96,1
2025-03-28,2025-03-28,BUY,1,2,False,1.08011,1.07817,1.08399,1.07817,2025-03-28 11:00:00+00:00,SL,0.00777,0.00194,0.00388,-0.00194,-1.94,247.02,12
2025-03-31,2025-03-31,BUY,1,2,False,1.08225,1.0803,1.08615,1.0803,2025-03-31 15:00:00+00:00,SL,0.0078,0.00195,0.0039,-0.00195,-1.95,245.07,16
2025-04-01,2025-04-01,BUY,2,2,True,1.08152,1.07961,1.08534,1.07961,2025-04-01 13:00:00+00:00,SL,0.00763,0.00191,0.00382,-0.00191,-1.91,243.16,14
2025-04-02,2025-04-02,BUY,0,2,False,1.07933,1.0775,1.08298,1.08298,2025-04-02 17:00:00+00:00,TP,0.00731,0.00183,0.00365,0.00365,3.65,246.82,18
2025-04-03,2025-04-03,BUY,2,2,True,1.0851,1.08304,1.08923,1.08304,2025-04-03 00:00:00+00:00,SL,0.00825,0.00206,0.00413,-0.00206,-2.06,244.76,1
2025-04-04,2025-04-04,BUY,2,2,True,1.10518,1.10226,1.11103,1.10226,2025-04-04 10:00:00+00:00,SL,0.01169,0.00292,0.00585,-0.00292,-2.92,241.83,11
2025-04-07,2025-04-07,BUY,2,2,True,1.08936,1.08622,1.09565,1.09565,2025-04-07 01:00:00+00:00,TP,0.01258,0.00314,0.00629,0.00629,6.29,248.12,2
2025-04-08,2025-04-08,BUY,2,2,True,1.09066,1.08737,1.09724,1.09724,2025-04-08 05:00:00+00:00,TP,0.01317,0.00329,0.00658,0.00658,6.58,254.7,6
2025-04-09,2025-04-09,BUY,2,2,True,1.09527,1.09207,1.10167,1.10167,2025-04-09 04:00:00+00:00,TP,0.01279,0.0032,0.0064,0.0064,6.4,261.1,5
2025-04-10,2025-04-10,BUY,2,2,True,1.09483,1.09145,1.10159,1.10159,2025-04-10 10:00:00+00:00,TP,0.01351,0.00338,0.00676,0.00676,6.76,267.85,11
2025-04-11,2025-04-11,BUY,2,2,True,1.11929,1.11537,1.12714,1.12714,2025-04-11 03:00:00+00:00,TP,0.01569,0.00392,0.00785,0.00785,7.85,275.7,4
2025-04-14,2025-04-14,SELL,1,0,False,1.1314,1.13577,1.12265,1.13577,2025-04-14 03:00:00+00:00,SL,0.01749,0.00437,0.00875,-0.00437,-4.37,271.33,4
2025-04-15,2025-04-15,BUY,2,2,True,1.135,1.13078,1.14344,1.13078,2025-04-15 16:00:00+00:00,SL,0.01687,0.00422,0.00844,-0.00422,-4.22,267.11,17
2025-04-16,2025-04-16,SELL,1,0,False,1.12781,1.13185,1.11973,1.13185,2025-04-16 03:00:00+00:00,SL,0.01615,0.00404,0.00808,-0.00404,-4.04,263.07,4
2025-04-17,2025-04-17,BUY,1,2,False,1.13986,1.13591,1.14776,1.13591,2025-04-17 04:00:00+00:00,SL,0.0158,0.00395,0.0079,-0.00395,-3.95,259.12,5
2025-04-18,2025-04-18,BUY,2,2,True,1.13616,1.13249,1.1435,1.13929,2025-04-18 23:00:00+00:00,EOD,0.01468,0.00367,0.00734,0.00313,3.13,262.25,24
2025-04-21,2025-04-21,SELL,0,0,True,1.13928,1.14259,1.13266,1.14259,2025-04-21 01:00:00+00:00,SL,0.01324,0.00331,0.00662,-0.00331,-3.31,258.94,2
2025-04-22,2025-04-22,SELL,0,0,True,1.15139,1.1549,1.14436,1.14436,2025-04-22 19:00:00+00:00,TP,0.01405,0.00351,0.00703,0.00703,7.03,265.97,20
2025-04-23,2025-04-23,SELL,2,0,False,1.14207,1.14555,1.13512,1.13512,2025-04-23 01:00:00+00:00,TP,0.01391,0.00348,0.00695,0.00695,6.95,272.92,2
2025-04-24,2025-04-24,BUY,0,2,False,1.13114,1.12769,1.13805,1.13805,2025-04-24 10:00:00+00:00,TP,0.01381,0.00345,0.00691,0.00691,6.91,279.83,11
2025-04-25,2025-04-25,BUY,1,2,False,1.13852,1.13523,1.14509,1.13523,2025-04-25 03:00:00+00:00,SL,0.01315,0.00329,0.00657,-0.00329,-3.29,276.54,4
2025-04-28,2025-04-28,BUY,1,2,False,1.13721,1.13411,1.14341,1.13411,2025-04-28 01:00:00+00:00,SL,0.0124,0.0031,0.0062,-0.0031,-3.1,273.44,2
2025-04-29,2025-04-29,BUY,0,2,False,1.14197,1.13896,1.14798,1.13896,2025-04-29 04:00:00+00:00,SL,0.01202,0.00301,0.00601,-0.00301,-3.01,270.44,5
2025-04-30,2025-04-30,BUY,0,2,False,1.1384,1.13562,1.14395,1.13562,2025-04-30 05:00:00+00:00,SL,0.01111,0.00278,0.00555,-0.00278,-2.78,267.66,6
2025-05-01,2025-05-01,BUY,2,2,True,1.13279,1.13011,1.13815,1.13011,2025-05-01 06:00:00+00:00,SL,0.01072,0.00268,0.00536,-0.00268,-2.68,264.98,7
2025-05-02,2025-05-02,BUY,2,2,True,1.12888,1.12631,1.13403,1.13403,2025-05-02 12:00:00+00:00,TP,0.0103,0.00257,0.00515,0.00515,5.15,270.13,13
2025-05-05,2025-05-05,BUY,2,2,True,1.13037,1.12778,1.13554,1.13554,2025-05-05 14:00:00+00:00,TP,0.01035,0.00259,0.00517,0.00517,5.17,275.3,15
2025-05-06,2025-05-06,BUY,0,2,False,1.13141,1.12893,1.13637,1.12893,2025-05-06 03:00:00+00:00,SL,0.00993,0.00248,0.00496,-0.00248,-2.48,272.82,4
2025-05-07,2025-05-07,BUY,0,2,False,1.13691,1.13442,1.14189,1.13442,2025-05-07 01:00:00+00:00,SL,0.00995,0.00249,0.00498,-0.00249,-2.49,270.33,2
2025-05-08,2025-05-08,BUY,2,2,True,1.12978,1.12734,1.13467,1.12734,2025-05-08 10:00:00+00:00,SL,0.00978,0.00244,0.00489,-0.00244,-2.44,267.89,11
2025-05-09,2025-05-09,BUY,2,2,True,1.12235,1.11982,1.12742,1.11982,2025-05-09 05:00:00+00:00,SL,0.01013,0.00253,0.00507,-0.00253,-2.53,265.35,6
2025-05-12,2025-05-12,BUY,2,2,True,1.1191,1.11658,1.12413,1.12413,2025-05-12 04:00:00+00:00,TP,0.01006,0.00252,0.00503,0.00503,5.03,270.38,5
2025-05-13,2025-05-13,BUY,2,2,True,1.10843,1.10564,1.11402,1.11402,2025-05-13 16:00:00+00:00,TP,0.01118,0.00279,0.00559,0.00559,5.59,275.97,17
2025-05-14,2025-05-14,BUY,2,2,True,1.11847,1.11567,1.12407,1.12407,2025-05-14 11:00:00+00:00,TP,0.01119,0.0028,0.0056,0.0056,5.6,281.57,12
2025-05-15,2025-05-15,BUY,0,2,False,1.117,1.11424,1.12252,1.12252,2025-05-15 09:00:00+00:00,TP,0.01105,0.00276,0.00552,0.00552,5.52,287.09,10
2025-05-16,2025-05-16,BUY,2,2,True,1.11866,1.11606,1.12386,1.11606,2025-05-16 17:00:00+00:00,SL,0.01039,0.0026,0.0052,-0.0026,-2.6,284.5,18
2025-05-19,2025-05-19,BUY,1,2,False,1.11755,1.115,1.12264,1.12264,2025-05-19 10:00:00+00:00,TP,0.01019,0.00255,0.00509,0.00509,5.09,289.59,11
2025-05-20,2025-05-20,BUY,2,2,True,1.12358,1.12096,1.12882,1.12844,2025-05-20 23:00:00+00:00,EOD,0.01047,0.00262,0.00524,0.00486,4.86,294.45,24
2025-05-21,2025-05-21,BUY,0,2,False,1.12821,1.12572,1.1332,1.1332,2025-05-21 06:00:00+00:00,TP,0.00998,0.00249,0.00499,0.00499,4.99,299.44,7
2025-05-22,2025-05-22,BUY,2,2,True,1.1325,1.13006,1.13738,1.13006,2025-05-22 10:00:00+00:00,SL,0.00976,0.00244,0.00488,-0.00244,-2.44,297.0,11
2025-05-23,2025-05-23,BUY,2,2,True,1.12788,1.12547,1.1327,1.1327,2025-05-23 10:00:00+00:00,TP,0.00964,0.00241,0.00482,0.00482,4.82,301.82,11
2025-05-26,2025-05-26,BUY,0,2,False,1.13626,1.13384,1.1411,1.1411,2025-05-26 04:00:00+00:00,TP,0.00968,0.00242,0.00484,0.00484,4.84,306.66,5
2025-05-27,2025-05-27,BUY,1,2,False,1.13828,1.13599,1.14287,1.13599,2025-05-27 10:00:00+00:00,SL,0.00917,0.00229,0.00459,-0.00229,-2.29,304.37,11
2025-05-28,2025-05-28,BUY,0,2,False,1.13254,1.13027,1.13707,1.13027,2025-05-28 05:00:00+00:00,SL,0.00907,0.00227,0.00453,-0.00227,-2.27,302.1,6
2025-05-29,2025-05-29,BUY,0,2,False,1.129,1.12683,1.13334,1.12683,2025-05-29 02:00:00+00:00,SL,0.00868,0.00217,0.00434,-0.00217,-2.17,299.93,3
2025-05-30,2025-05-30,BUY,2,2,True,1.13644,1.13398,1.14136,1.13398,2025-05-30 09:00:00+00:00,SL,0.00984,0.00246,0.00492,-0.00246,-2.46,297.47,10
2025-06-02,2025-06-02,SELL,0,0,True,1.13463,1.13702,1.12985,1.13702,2025-06-02 03:00:00+00:00,SL,0.00955,0.00239,0.00478,-0.00239,-2.39,295.08,4
2025-06-03,2025-06-03,BUY,2,2,True,1.1439,1.14146,1.14878,1.14146,2025-06-03 08:00:00+00:00,SL,0.00977,0.00244,0.00488,-0.00244,-2.44,292.64,9
2025-06-04,2025-06-04,BUY,2,2,True,1.13699,1.13457,1.14183,1.14183,2025-06-04 17:00:00+00:00,TP,0.00967,0.00242,0.00484,0.00484,4.84,297.48,18
2025-06-05,2025-06-05,BUY,0,2,False,1.14132,1.13897,1.14603,1.14603,2025-06-05 16:00:00+00:00,TP,0.00942,0.00235,0.00471,0.00471,4.71,302.19,17
2025-06-06,2025-06-06,BUY,1,2,False,1.14437,1.14203,1.14905,1.14203,2025-06-06 11:00:00+00:00,SL,0.00937,0.00234,0.00468,-0.00234,-2.34,299.84,12
2025-06-09,2025-06-09,BUY,1,2,False,1.13989,1.13757,1.14452,1.14199,2025-06-09 23:00:00+00:00,EOD,0.00926,0.00232,0.00463,0.0021,2.1,301.94,24
2025-06-10,2025-06-10,BUY,2,2,True,1.1417,1.13952,1.14607,1.13952,2025-06-10 05:00:00+00:00,SL,0.00873,0.00218,0.00437,-0.00218,-2.18,299.76,6
2025-06-11,2025-06-11,BUY,2,2,True,1.14227,1.14013,1.14655,1.14655,2025-06-11 15:00:00+00:00,TP,0.00856,0.00214,0.00428,0.00428,4.28,304.04,16
2025-06-12,2025-06-12,BUY,1,2,False,1.14871,1.14654,1.15305,1.15305,2025-06-12 08:00:00+00:00,TP,0.00868,0.00217,0.00434,0.00434,4.34,308.38,9
2025-06-13,2025-06-13,BUY,2,2,True,1.1581,1.15572,1.16286,1.15572,2025-06-13 03:00:00+00:00,SL,0.00952,0.00238,0.00476,-0.00238,-2.38,306.0,4
2025-06-16,2025-06-16,BUY,0,2,False,1.1525,1.15002,1.15746,1.15746,2025-06-16 09:00:00+00:00,TP,0.00993,0.00248,0.00496,0.00496,4.96,310.96,10
2025-06-17,2025-06-17,BUY,2,2,True,1.1558,1.15334,1.16073,1.15334,2025-06-17 17:00:00+00:00,SL,0.00985,0.00246,0.00493,-0.00246,-2.46,308.5,18
2025-06-18,2025-06-18,BUY,1,2,False,1.14795,1.14546,1.15292,1.15292,2025-06-18 18:00:00+00:00,TP,0.00994,0.00249,0.00497,0.00497,4.97,313.47,19
2025-06-19,2025-06-19,BUY,2,2,True,1.14771,1.14532,1.15248,1.14532,2025-06-19 04:00:00+00:00,SL,0.00954,0.00239,0.00477,-0.00239,-2.39,311.09,5
2025-06-20,2025-06-20,BUY,2,2,True,1.14918,1.14693,1.15367,1.15367,2025-06-20 19:00:00+00:00,TP,0.00899,0.00225,0.00449,0.00449,4.49,315.58,20
2025-06-23,2025-06-23,BUY,2,2,True,1.14562,1.14349,1.14989,1.14989,2025-06-23 02:00:00+00:00,TP,0.00854,0.00213,0.00427,0.00427,4.27,319.85,3
2025-06-24,2025-06-24,BUY,2,2,True,1.15742,1.15513,1.16199,1.16199,2025-06-24 09:00:00+00:00,TP,0.00914,0.00229,0.00457,0.00457,4.57,324.42,10
2025-06-25,2025-06-25,BUY,2,2,True,1.1609,1.15869,1.16533,1.16533,2025-06-25 21:00:00+00:00,TP,0.00885,0.00221,0.00443,0.00443,4.43,328.85,22
2025-06-26,2025-06-26,BUY,2,2,True,1.16584,1.16367,1.17018,1.17018,2025-06-26 06:00:00+00:00,TP,0.00868,0.00217,0.00434,0.00434,4.34,333.19,7
2025-06-27,2025-06-27,BUY,2,2,True,1.17,1.16781,1.17438,1.17438,2025-06-27 15:00:00+00:00,TP,0.00876,0.00219,0.00438,0.00438,4.38,337.57,16
2025-06-30,2025-06-30,BUY,2,2,True,1.17279,1.17065,1.17708,1.17708,2025-06-30 18:00:00+00:00,TP,0.00857,0.00214,0.00429,0.00429,4.29,341.85,19
2025-07-01,2025-07-01,BUY,0,2,False,1.17868,1.17656,1.18293,1.18293,2025-07-01 12:00:00+00:00,TP,0.0085,0.00212,0.00425,0.00425,4.25,346.1,13
2025-07-02,2025-07-02,BUY,0,2,False,1.18056,1.17849,1.1847,1.17849,2025-07-02 08:00:00+00:00,SL,0.00828,0.00207,0.00414,-0.00207,-2.07,344.03,9
2025-07-03,2025-07-03,BUY,1,2,False,1.17983,1.17783,1.18384,1.17783,2025-07-03 15:00:00+00:00,SL,0.00801,0.002,0.00401,-0.002,-2.0,342.03,16
2025-07-04,2025-07-04,BUY,0,2,False,1.17562,1.17357,1.17971,1.17736,2025-07-04 23:00:00+00:00,EOD,0.00818,0.00205,0.00409,0.00174,1.74,343.77,24
2025-07-07,2025-07-07,BUY,2,2,True,1.17771,1.17581,1.18151,1.17581,2025-07-07 09:00:00+00:00,SL,0.00759,0.0019,0.0038,-0.0019,-1.9,341.87,10
2025-07-08,2025-07-08,BUY,1,2,False,1.17076,1.16877,1.17474,1.17474,2025-07-08 03:00:00+00:00,TP,0.00796,0.00199,0.00398,0.00398,3.98,345.85,4
2025-07-09,2025-07-09,BUY,0,2,False,1.17243,1.17043,1.17643,1.17043,2025-07-09 06:00:00+00:00,SL,0.008,0.002,0.004,-0.002,-2.0,343.85,7
2025-07-10,2025-07-10,BUY,1,2,False,1.17173,1.16986,1.17546,1.16986,2025-07-10 16:00:00+00:00,SL,0.00747,0.00187,0.00373,-0.00187,-1.87,341.98,17
2025-07-11,2025-07-11,BUY,2,2,True,1.16999,1.16808,1.17381,1.16808,2025-07-11 03:00:00+00:00,SL,0.00763,0.00191,0.00382,-0.00191,-1.91,340.07,4
2025-07-14,2025-07-14,BUY,0,2,False,1.1658,1.16398,1.16944,1.16944,2025-07-14 04:00:00+00:00,TP,0.00727,0.00182,0.00364,0.00364,3.64,343.71,5
2025-07-15,2025-07-15,BUY,0,2,False,1.16642,1.1647,1.16986,1.1647,2025-07-15 16:00:00+00:00,SL,0.00688,0.00172,0.00344,-0.00172,-1.72,341.99,17
2025-07-16,2025-07-16,BUY,0,2,False,1.16005,1.15823,1.1637,1.15823,2025-07-16 16:00:00+00:00,SL,0.0073,0.00182,0.00365,-0.00182,-1.82,340.17,17
2025-07-17,2025-07-17,BUY,2,2,True,1.16368,1.16157,1.1679,1.16157,2025-07-17 04:00:00+00:00,SL,0.00844,0.00211,0.00422,-0.00211,-2.11,338.06,5
2025-07-18,2025-07-18,BUY,2,2,True,1.1595,1.15738,1.16373,1.16373,2025-07-18 11:00:00+00:00,TP,0.00847,0.00212,0.00423,0.00423,4.23,342.29,12
2025-07-21,2025-07-21,BUY,2,2,True,1.16248,1.16034,1.16675,1.16675,2025-07-21 14:00:00+00:00,TP,0.00854,0.00214,0.00427,0.00427,4.27,346.56,15
2025-07-22,2025-07-22,BUY,1,2,False,1.16894,1.16675,1.17332,1.17332,2025-07-22 18:00:00+00:00,TP,0.00877,0.00219,0.00438,0.00438,4.38,350.94,19
2025-07-23,2025-07-23,BUY,1,2,False,1.17538,1.17321,1.17972,1.17321,2025-07-23 04:00:00+00:00,SL,0.00868,0.00217,0.00434,-0.00217,-2.17,348.77,5
2025-07-24,2025-07-24,BUY,1,2,False,1.1767,1.1746,1.18089,1.1746,2025-07-24 13:00:00+00:00,SL,0.00838,0.0021,0.00419,-0.0021,-2.1,346.68,14
2025-07-25,2025-07-25,BUY,0,2,False,1.17442,1.17241,1.17844,1.17241,2025-07-25 14:00:00+00:00,SL,0.00804,0.00201,0.00402,-0.00201,-2.01,344.67,15
2025-07-28,2025-07-28,BUY,0,2,False,1.17552,1.17358,1.17939,1.17358,2025-07-28 09:00:00+00:00,SL,0.00774,0.00194,0.00387,-0.00194,-1.94,342.73,10
2025-07-29,2025-07-29,BUY,0,2,False,1.15875,1.15645,1.16335,1.15645,2025-07-29 09:00:00+00:00,SL,0.0092,0.0023,0.0046,-0.0023,-2.3,340.43,10
2025-07-30,2025-07-30,BUY,2,2,True,1.15461,1.15235,1.15913,1.15235,2025-07-30 14:00:00+00:00,SL,0.00904,0.00226,0.00452,-0.00226,-2.26,338.17,15
2025-07-31,2025-07-31,BUY,2,2,True,1.14033,1.1378,1.1454,1.1454,2025-07-31 09:00:00+00:00,TP,0.01014,0.00253,0.00507,0.00507,5.07,343.24,10
2025-08-01,2025-08-01,BUY,1,2,False,1.14118,1.13878,1.14599,1.14599,2025-08-01 15:00:00+00:00,TP,0.00961,0.0024,0.00481,0.00481,4.81,348.05,16
2025-08-04,2025-08-04,BUY,1,2,False,1.15852,1.15575,1.16405,1.15575,2025-08-04 03:00:00+00:00,SL,0.01107,0.00277,0.00553,-0.00277,-2.77,345.28,4
2025-08-05,2025-08-05,BUY,2,2,True,1.15674,1.15419,1.16184,1.15419,2025-08-05 10:00:00+00:00,SL,0.01021,0.00255,0.0051,-0.00255,-2.55,342.73,11
2025-08-06,2025-08-06,BUY,1,2,False,1.15749,1.15508,1.16231,1.16231,2025-08-06 15:00:00+00:00,TP,0.00965,0.00241,0.00482,0.00482,4.82,347.55,16
2025-08-07,2025-08-07,BUY,1,2,False,1.16589,1.16344,1.1708,1.16344,2025-08-07 14:00:00+00:00,SL,0.00981,0.00245,0.00491,-0.00245,-2.45,345.1,15
2025-08-08,2025-08-08,BUY,0,2,False,1.16644,1.16402,1.17128,1.16402,2025-08-08 08:00:00+00:00,SL,0.00968,0.00242,0.00484,-0.00242,-2.42,342.68,9
2025-08-11,2025-08-11,BUY,2,2,True,1.16412,1.16185,1.16865,1.16185,2025-08-11 15:00:00+00:00,SL,0.00906,0.00227,0.00453,-0.00227,-2.27,340.41,16
2025-08-12,2025-08-12,BUY,2,2,True,1.16145,1.1592,1.16595,1.16595,2025-08-12 16:00:00+00:00,TP,0.009,0.00225,0.0045,0.0045,4.5,344.91,17
2025-08-13,2025-08-13,BUY,0,2,False,1.1674,1.16512,1.17196,1.17196,2025-08-13 11:00:00+00:00,TP,0.00911,0.00228,0.00456,0.00456,4.56,349.47,12
2025-08-14,2025-08-14,BUY,2,2,True,1.17051,1.16832,1.17489,1.16832,2025-08-14 10:00:00+00:00,SL,0.00876,0.00219,0.00438,-0.00219,-2.19,347.28,11
2025-08-15,2025-08-15,BUY,0,2,False,1.16469,1.16251,1.16905,1.16905,2025-08-15 13:00:00+00:00,TP,0.00872,0.00218,0.00436,0.00436,4.36,351.64,14
2025-08-18,2025-08-18,BUY,1,2,False,1.17065,1.16852,1.17491,1.16852,2025-08-18 10:00:00+00:00,SL,0.00853,0.00213,0.00426,-0.00213,-2.13,349.5,11
2025-08-19,2025-08-19,BUY,1,2,False,1.16601,1.16397,1.1701,1.16397,2025-08-19 04:00:00+00:00,SL,0.00817,0.00204,0.00409,-0.00204,-2.04,347.46,5
2025-08-20,2025-08-20,BUY,0,2,False,1.16443,1.16248,1.16833,1.16248,2025-08-20 05:00:00+00:00,SL,0.0078,0.00195,0.0039,-0.00195,-1.95,345.51,6
2025-08-21,2025-08-21,BUY,2,2,True,1.16499,1.16313,1.16871,1.16313,2025-08-21 09:00:00+00:00,SL,0.00745,0.00186,0.00372,-0.00186,-1.86,343.65,10
2025-08-22,2025-08-22,BUY,0,2,False,1.16051,1.15869,1.16415,1.15869,2025-08-22 07:00:00+00:00,SL,0.00728,0.00182,0.00364,-0.00182,-1.82,341.83,8
2025-08-25,2025-08-25,BUY,2,2,True,1.17185,1.16974,1.17607,1.16974,2025-08-25 03:00:00+00:00,SL,0.00844,0.00211,0.00422,-0.00211,-2.11,339.72,4
2025-08-26,2025-08-26,BUY,0,2,False,1.16155,1.15931,1.16602,1.16602,2025-08-26 14:00:00+00:00,TP,0.00895,0.00224,0.00447,0.00447,4.47,344.2,15
2025-08-27,2025-08-27,BUY,2,2,True,1.16416,1.16201,1.16846,1.16201,2025-08-27 07:00:00+00:00,SL,0.0086,0.00215,0.0043,-0.00215,-2.15,342.05,8
2025-08-28,2025-08-28,BUY,1,2,False,1.16351,1.1614,1.16773,1.1614,2025-08-28 00:00:00+00:00,SL,0.00843,0.00211,0.00422,-0.00211,-2.11,339.94,1
2025-08-29,2025-08-29,BUY,1,2,False,1.16826,1.16615,1.17247,1.16615,2025-08-29 04:00:00+00:00,SL,0.00842,0.00211,0.00421,-0.00211,-2.11,337.83,5
2025-09-01,2025-09-01,BUY,0,2,False,1.16943,1.16741,1.17347,1.17347,2025-09-01 11:00:00+00:00,TP,0.00807,0.00202,0.00404,0.00404,4.04,341.87,12
2025-09-02,2025-09-02,BUY,2,2,True,1.17106,1.16914,1.1749,1.16914,2025-09-02 07:00:00+00:00,SL,0.00768,0.00192,0.00384,-0.00192,-1.92,339.95,8
2025-09-03,2025-09-03,BUY,1,2,False,1.16358,1.16156,1.16761,1.16156,2025-09-03 10:00:00+00:00,SL,0.00806,0.00202,0.00403,-0.00202,-2.02,337.93,11
2025-09-04,2025-09-04,BUY,2,2,True,1.16569,1.1637,1.16968,1.1637,2025-09-04 15:00:00+00:00,SL,0.00798,0.00199,0.00399,-0.00199,-1.99,335.94,16
2025-09-05,2025-09-05,BUY,2,2,True,1.16488,1.16302,1.1686,1.1686,2025-09-05 12:00:00+00:00,TP,0.00744,0.00186,0.00372,0.00372,3.72,339.66,13
2025-09-08,2025-09-08,BUY,0,2,False,1.17113,1.1691,1.1752,1.1752,2025-09-08 16:00:00+00:00,TP,0.00813,0.00203,0.00407,0.00407,4.07,343.72,17
2025-09-09,2025-09-09,BUY,1,2,False,1.17628,1.17431,1.18022,1.17431,2025-09-09 14:00:00+00:00,SL,0.00788,0.00197,0.00394,-0.00197,-1.97,341.76,15
2025-09-10,2025-09-10,BUY,1,2,False,1.17071,1.16875,1.17463,1.16875,2025-09-10 10:00:00+00:00,SL,0.00784,0.00196,0.00392,-0.00196,-1.96,339.79,11
2025-09-11,2025-09-11,BUY,1,2,False,1.16941,1.16755,1.17313,1.16755,2025-09-11 15:00:00+00:00,SL,0.00744,0.00186,0.00372,-0.00186,-1.86,337.93,16
2025-09-12,2025-09-12,BUY,2,2,True,1.17334,1.17144,1.17713,1.17144,2025-09-12 12:00:00+00:00,SL,0.00759,0.0019,0.00379,-0.0019,-1.9,336.04,13
2025-09-15,2025-09-15,BUY,2,2,True,1.17256,1.17076,1.17616,1.17616,2025-09-15 13:00:00+00:00,TP,0.0072,0.0018,0.0036,0.0036,3.6,339.64,14
2025-09-16,2025-09-16,BUY,1,2,False,1.17589,1.17414,1.1794,1.1794,2025-09-16 10:00:00+00:00,TP,0.00702,0.00175,0.00351,0.00351,3.51,343.14,11
2025-09-17,2025-09-17,BUY,0,2,False,1.18652,1.1846,1.19037,1.1846,2025-09-17 10:00:00+00:00,SL,0.0077,0.00192,0.00385,-0.00192,-1.92,341.22,11
2025-09-18,2025-09-18,BUY,0,2,False,1.18123,1.17919,1.1853,1.17919,2025-09-18 08:00:00+00:00,SL,0.00815,0.00204,0.00407,-0.00204,-2.04,339.18,9
2025-09-19,2025-09-19,BUY,2,2,True,1.17789,1.1758,1.18207,1.1758,2025-09-19 10:00:00+00:00,SL,0.00837,0.00209,0.00418,-0.00209,-2.09,337.09,11
2025-09-22,2025-09-22,BUY,1,2,False,1.17403,1.172,1.17808,1.17808,2025-09-22 13:00:00+00:00,TP,0.00811,0.00203,0.00405,0.00405,4.05,341.14,14
2025-09-23,2025-09-23,BUY,0,2,False,1.18029,1.17828,1.18431,1.17828,2025-09-23 10:00:00+00:00,SL,0.00804,0.00201,0.00402,-0.00201,-2.01,339.13,11
2025-09-24,2025-09-24,BUY,0,2,False,1.18133,1.17945,1.1851,1.17945,2025-09-24 08:00:00+00:00,SL,0.00754,0.00188,0.00377,-0.00188,-1.88,337.25,9
2025-09-25,2025-09-25,BUY,2,2,True,1.17374,1.1718,1.17761,1.1718,2025-09-25 15:00:00+00:00,SL,0.00774,0.00194,0.00387,-0.00194,-1.94,335.31,16
2025-09-26,2025-09-26,BUY,2,2,True,1.16652,1.16448,1.1706,1.1706,2025-09-26 23:00:00+00:00,TP,0.00815,0.00204,0.00408,0.00408,4.08,339.39,24
2025-09-29,2025-09-29,BUY,1,2,False,1.16984,1.1679,1.17373,1.17373,2025-09-29 15:00:00+00:00,TP,0.00777,0.00194,0.00389,0.00389,3.89,343.28,16
2025-09-30,2025-09-30,BUY,2,2,True,1.17262,1.17074,1.17639,1.17333,2025-09-30 23:00:00+00:00,EOD,0.00754,0.00188,0.00377,0.00071,0.71,343.99,24
2025-10-01,2025-10-01,BUY,0,2,False,1.17328,1.17148,1.17687,1.17687,2025-10-01 09:00:00+00:00,TP,0.00719,0.0018,0.00359,0.00359,3.59,347.58,10
2025-10-02,2025-10-02,BUY,2,2,True,1.17248,1.17071,1.17602,1.17071,2025-10-02 17:00:00+00:00,SL,0.00707,0.00177,0.00354,-0.00177,-1.77,345.81,18
2025-10-03,2025-10-03,BUY,0,2,False,1.17116,1.16938,1.17473,1.17473,2025-10-03 17:00:00+00:00,TP,0.00713,0.00178,0.00357,0.00357,3.57,349.38,18
2025-10-06,2025-10-06,BUY,0,2,False,1.1718,1.17008,1.17523,1.17008,2025-10-06 09:00:00+00:00,SL,0.00687,0.00172,0.00343,-0.00172,-1.72,347.66,10
2025-10-07,2025-10-07,BUY,0,2,False,1.17044,1.16865,1.17401,1.16865,2025-10-07 09:00:00+00:00,SL,0.00715,0.00179,0.00357,-0.00179,-1.79,345.88,10
2025-10-08,2025-10-08,BUY,0,2,False,1.16565,1.16388,1.16919,1.16388,2025-10-08 04:00:00+00:00,SL,0.00709,0.00177,0.00354,-0.00177,-1.77,344.1,5
2025-10-09,2025-10-09,BUY,2,2,True,1.16131,1.15956,1.1648,1.1648,2025-10-09 08:00:00+00:00,TP,0.00698,0.00175,0.00349,0.00349,3.49,347.59,9
2025-10-10,2025-10-10,BUY,0,2,False,1.15642,1.15455,1.16015,1.16015,2025-10-10 18:00:00+00:00,TP,0.00747,0.00187,0.00373,0.00373,3.73,351.33,19
2025-10-13,2025-10-13,BUY,2,2,True,1.16101,1.15912,1.16478,1.15912,2025-10-13 11:00:00+00:00,SL,0.00755,0.00189,0.00377,-0.00189,-1.89,349.44,12
2025-10-14,2025-10-14,BUY,2,2,True,1.15678,1.1549,1.16053,1.1549,2025-10-14 10:00:00+00:00,SL,0.0075,0.00188,0.00375,-0.00188,-1.88,347.57,11
2025-10-15,2025-10-15,BUY,2,2,True,1.16058,1.15871,1.16431,1.16431,2025-10-15 10:00:00+00:00,TP,0.00747,0.00187,0.00373,0.00373,3.73,351.3,11
2025-10-16,2025-10-16,BUY,2,2,True,1.16465,1.16287,1.16821,1.16821,2025-10-16 20:00:00+00:00,TP,0.00711,0.00178,0.00356,0.00356,3.56,354.86,21
2025-10-17,2025-10-17,BUY,1,2,False,1.16874,1.16701,1.17221,1.17221,2025-10-17 08:00:00+00:00,TP,0.00694,0.00173,0.00347,0.00347,3.47,358.32,9
2025-10-20,2025-10-20,BUY,0,2,False,1.1662,1.16444,1.16973,1.16444,2025-10-20 20:00:00+00:00,SL,0.00705,0.00176,0.00353,-0.00176,-1.76,356.56,21
2025-10-21,2025-10-21,BUY,1,2,False,1.16411,1.16246,1.16741,1.16246,2025-10-21 08:00:00+00:00,SL,0.00661,0.00165,0.0033,-0.00165,-1.65,354.91,9
2025-10-22,2025-10-22,BUY,1,2,False,1.15992,1.1583,1.16317,1.1583,2025-10-22 13:00:00+00:00,SL,0.0065,0.00162,0.00325,-0.00162,-1.62,353.29,14
2025-10-23,2025-10-23,BUY,1,2,False,1.16099,1.15943,1.16411,1.15943,2025-10-23 06:00:00+00:00,SL,0.00624,0.00156,0.00312,-0.00156,-1.56,351.73,7
2025-10-24,2025-10-24,BUY,1,2,False,1.16183,1.16036,1.16477,1.16036,2025-10-24 08:00:00+00:00,SL,0.00587,0.00147,0.00294,-0.00147,-1.47,350.26,9
2025-10-27,2025-10-27,BUY,1,2,False,1.16332,1.16189,1.16618,1.16189,2025-10-27 11:00:00+00:00,SL,0.00571,0.00143,0.00286,-0.00143,-1.43,348.83,12
2025-10-28,2025-10-28,BUY,0,2,False,1.16443,1.16308,1.16714,1.16308,2025-10-28 16:00:00+00:00,SL,0.00541,0.00135,0.00271,-0.00135,-1.35,347.48,17
2025-10-29,2025-10-29,BUY,2,2,True,1.16503,1.16371,1.16766,1.16371,2025-10-29 06:00:00+00:00,SL,0.00526,0.00132,0.00263,-0.00132,-1.32,346.16,7
2025-10-30,2025-10-30,BUY,0,2,False,1.16001,1.15858,1.16288,1.16288,2025-10-30 07:00:00+00:00,TP,0.00574,0.00143,0.00287,0.00287,2.87,349.03,8
2025-10-31,2025-10-31,BUY,1,2,False,1.15651,1.15496,1.1596,1.15496,2025-10-31 16:00:00+00:00,SL,0.00618,0.00155,0.00309,-0.00155,-1.55,347.49,17
2025-11-03,2025-11-03,BUY,0,2,False,1.1528,1.15127,1.15585,1.15127,2025-11-03 10:00:00+00:00,SL,0.0061,0.00153,0.00305,-0.00153,-1.53,345.96,11
2025-11-04,2025-11-04,BUY,1,2,False,1.1519,1.15046,1.15479,1.15046,2025-11-04 03:00:00+00:00,SL,0.00577,0.00144,0.00289,-0.00144,-1.44,344.52,4
2025-11-05,2025-11-05,BUY,2,2,True,1.14815,1.1467,1.15105,1.14924,2025-11-05 23:00:00+00:00,EOD,0.00581,0.00145,0.0029,0.00109,1.09,345.61,24
2025-11-06,2025-11-06,BUY,2,2,True,1.14918,1.14782,1.15189,1.14782,2025-11-06 00:00:00+00:00,SL,0.00543,0.00136,0.00271,-0.00136,-1.36,344.25,1
2025-11-07,2025-11-07,BUY,1,2,False,1.1547,1.15327,1.15756,1.15327,2025-11-07 00:00:00+00:00,SL,0.00571,0.00143,0.00286,-0.00143,-1.43,342.82,1
2025-11-10,2025-11-10,BUY,2,2,True,1.15547,1.15403,1.15836,1.1557,2025-11-10 23:00:00+00:00,EOD,0.00577,0.00144,0.00289,0.00023,0.23,343.05,24
2025-11-11,2025-11-11,BUY,1,2,False,1.15555,1.15416,1.15833,1.15833,2025-11-11 15:00:00+00:00,TP,0.00556,0.00139,0.00278,0.00278,2.78,345.83,16
2025-11-12,2025-11-12,BUY,2,2,True,1.1582,1.1568,1.16101,1.1568,2025-11-12 12:00:00+00:00,SL,0.00562,0.0014,0.00281,-0.0014,-1.4,344.43,13
2025-11-13,2025-11-13,BUY,1,2,False,1.15926,1.15793,1.16193,1.15793,2025-11-13 03:00:00+00:00,SL,0.00533,0.00133,0.00267,-0.00133,-1.33,343.09,4
2025-11-14,2025-11-14,BUY,0,2,False,1.16321,1.1618,1.16603,1.1618,2025-11-14 12:00:00+00:00,SL,0.00565,0.00141,0.00282,-0.00141,-1.41,341.68,13
2025-11-17,2025-11-17,BUY,1,2,False,1.16143,1.16005,1.1642,1.16005,2025-11-17 05:00:00+00:00,SL,0.00553,0.00138,0.00277,-0.00138,-1.38,340.3,6
2025-11-18,2025-11-18,BUY,0,2,False,1.15912,1.15778,1.1618,1.15778,2025-11-18 18:00:00+00:00,SL,0.00536,0.00134,0.00268,-0.00134,-1.34,338.96,19
2025-11-19,2025-11-19,BUY,0,2,False,1.15803,1.15675,1.1606,1.15675,2025-11-19 11:00:00+00:00,SL,0.00513,0.00128,0.00257,-0.00128,-1.28,337.67,12
2025-11-20,2025-11-20,BUY,0,2,False,1.15365,1.15227,1.1564,1.15227,2025-11-20 03:00:00+00:00,SL,0.0055,0.00138,0.00275,-0.00138,-1.38,336.3,4
2025-11-21,2025-11-21,BUY,2,2,True,1.15274,1.15138,1.15546,1.15138,2025-11-21 12:00:00+00:00,SL,0.00544,0.00136,0.00272,-0.00136,-1.36,334.94,13
2025-11-24,2025-11-24,BUY,2,2,True,1.15088,1.1495,1.15365,1.15365,2025-11-24 12:00:00+00:00,TP,0.00554,0.00138,0.00277,0.00277,2.77,337.71,13
2025-11-25,2025-11-25,BUY,1,2,False,1.15204,1.15068,1.15476,1.15476,2025-11-25 14:00:00+00:00,TP,0.00545,0.00136,0.00272,0.00272,2.72,340.43,15
2025-11-26,2025-11-26,BUY,1,2,False,1.15695,1.15552,1.15981,1.15552,2025-11-26 15:00:00+00:00,SL,0.00571,0.00143,0.00286,-0.00143,-1.43,339.0,16
2025-11-27,2025-11-27,BUY,0,2,False,1.15909,1.15767,1.16192,1.15767,2025-11-27 11:00:00+00:00,SL,0.00567,0.00142,0.00283,-0.00142,-1.42,337.58,12
2025-11-28,2025-11-28,BUY,2,2,True,1.15951,1.15816,1.16221,1.15816,2025-11-28 04:00:00+00:00,SL,0.0054,0.00135,0.0027,-0.00135,-1.35,336.23,5
2025-12-01,2025-12-01,BUY,1,2,False,1.15936,1.15801,1.16205,1.16205,2025-12-01 10:00:00+00:00,TP,0.00538,0.00135,0.00269,0.00269,2.69,338.92,11
2025-12-02,2025-12-02,BUY,2,2,True,1.16092,1.15954,1.16368,1.15954,2025-12-02 17:00:00+00:00,SL,0.00553,0.00138,0.00276,-0.00138,-1.38,337.54,18
2025-12-03,2025-12-03,BUY,0,2,False,1.16215,1.16084,1.16478,1.16478,2025-12-03 09:00:00+00:00,TP,0.00526,0.00131,0.00263,0.00263,2.63,340.17,10
2025-12-04,2025-12-04,BUY,2,2,True,1.16706,1.16569,1.1698,1.16569,2025-12-04 05:00:00+00:00,SL,0.00548,0.00137,0.00274,-0.00137,-1.37,338.8,6
2025-12-05,2025-12-05,BUY,2,2,True,1.1644,1.16308,1.16704,1.16704,2025-12-05 09:00:00+00:00,TP,0.00529,0.00132,0.00264,0.00264,2.64,341.45,10
2025-12-08,2025-12-08,BUY,1,2,False,1.16334,1.16205,1.16592,1.16592,2025-12-08 08:00:00+00:00,TP,0.00517,0.00129,0.00258,0.00258,2.58,344.03,9
2025-12-09,2025-12-09,BUY,2,2,True,1.16362,1.16231,1.16623,1.16231,2025-12-09 00:00:00+00:00,SL,0.00522,0.00131,0.00261,-0.00131,-1.31,342.73,1
2025-12-10,2025-12-10,BUY,2,2,True,1.16255,1.16128,1.16509,1.16509,2025-12-10 10:00:00+00:00,TP,0.00509,0.00127,0.00254,0.00254,2.54,345.27,11
2025-12-11,2025-12-11,BUY,1,2,False,1.16949,1.16813,1.17222,1.17222,2025-12-11 15:00:00+00:00,TP,0.00545,0.00136,0.00273,0.00273,2.73,347.99,16
2025-12-12,2025-12-12,BUY,2,2,True,1.17372,1.17227,1.17662,1.17227,2025-12-12 13:00:00+00:00,SL,0.0058,0.00145,0.0029,-0.00145,-1.45,346.54,14
2025-12-15,2025-12-15,BUY,2,2,True,1.17365,1.17229,1.17636,1.17636,2025-12-15 16:00:00+00:00,TP,0.00543,0.00136,0.00271,0.00271,2.71,349.26,17
2025-12-16,2025-12-16,BUY,0,2,False,1.1752,1.17387,1.17785,1.17785,2025-12-16 15:00:00+00:00,TP,0.0053,0.00133,0.00265,0.00265,2.65,351.91,16
2025-12-17,2025-12-17,BUY,1,2,False,1.17445,1.17307,1.17721,1.17307,2025-12-17 06:00:00+00:00,SL,0.00552,0.00138,0.00276,-0.00138,-1.38,350.53,7
2025-12-18,2025-12-18,BUY,1,2,False,1.174,1.17262,1.17676,1.17262,2025-12-18 11:00:00+00:00,SL,0.00552,0.00138,0.00276,-0.00138,-1.38,349.15,12
2025-12-19,2025-12-19,BUY,2,2,True,1.17211,1.17075,1.17484,1.17075,2025-12-19 09:00:00+00:00,SL,0.00546,0.00136,0.00273,-0.00136,-1.36,347.79,10
2025-12-22,2025-12-22,BUY,2,2,True,1.17144,1.17014,1.17404,1.17404,2025-12-22 14:00:00+00:00,TP,0.00519,0.0013,0.0026,0.0026,2.6,350.38,15
2025-12-23,2025-12-23,BUY,1,2,False,1.17593,1.17459,1.1786,1.1786,2025-12-23 11:00:00+00:00,TP,0.00535,0.00134,0.00267,0.00267,2.67,353.06,12
2025-12-24,2025-12-24,BUY,1,2,False,1.17932,1.17798,1.182,1.17798,2025-12-24 00:00:00+00:00,SL,0.00536,0.00134,0.00268,-0.00134,-1.34,351.71,1
2025-12-26,2025-12-26,BUY,2,2,True,1.17773,1.17645,1.18029,1.17645,2025-12-26 18:00:00+00:00,SL,0.00512,0.00128,0.00256,-0.00128,-1.28,350.43,19
2025-12-29,2025-12-29,BUY,0,2,False,1.1759,1.17467,1.17835,1.17835,2025-12-29 02:00:00+00:00,TP,0.00491,0.00123,0.00245,0.00245,2.45,352.89,3
2025-12-30,2025-12-30,BUY,0,2,False,1.17721,1.17601,1.1796,1.17601,2025-12-30 15:00:00+00:00,SL,0.00478,0.0012,0.00239,-0.0012,-1.2,351.69,16
2025-12-31,2025-12-31,BUY,0,2,False,1.17472,1.17356,1.17704,1.17356,2025-12-31 06:00:00+00:00,SL,0.00463,0.00116,0.00232,-0.00116,-1.16,350.54,7
2026-01-02,2026-01-02,BUY,0,2,False,1.1746,1.17347,1.17687,1.17347,2026-01-02 09:00:00+00:00,SL,0.00454,0.00113,0.00227,-0.00113,-1.13,349.4,10
2026-01-05,2026-01-05,BUY,0,2,False,1.17186,1.1707,1.17417,1.1707,2026-01-05 01:00:00+00:00,SL,0.00462,0.00116,0.00231,-0.00116,-1.16,348.25,2
2026-01-06,2026-01-06,BUY,1,2,False,1.17202,1.17079,1.17449,1.17079,2026-01-06 00:00:00+00:00,SL,0.00494,0.00123,0.00247,-0.00123,-1.23,347.01,1
2026-01-07,2026-01-07,BUY,0,2,False,1.16883,1.16756,1.17136,1.16756,2026-01-07 00:00:00+00:00,SL,0.00507,0.00127,0.00253,-0.00127,-1.27,345.74,1
2026-01-08,2026-01-08,BUY,0,2,False,1.16723,1.16603,1.16963,1.16603,2026-01-08 15:00:00+00:00,SL,0.00479,0.0012,0.0024,-0.0012,-1.2,344.55,16
2026-01-09,2026-01-09,BUY,2,2,True,1.1659,1.16473,1.16825,1.16473,2026-01-09 00:00:00+00:00,SL,0.00469,0.00117,0.00235,-0.00117,-1.17,343.37,1
2026-01-12,2026-01-12,BUY,1,2,False,1.16258,1.16142,1.16491,1.16491,2026-01-12 02:00:00+00:00,TP,0.00466,0.00116,0.00233,0.00233,2.33,345.7,3
2026-01-13,2026-01-13,BUY,1,2,False,1.16656,1.1653,1.16909,1.1653,2026-01-13 14:00:00+00:00,SL,0.00506,0.00126,0.00253,-0.00126,-1.26,344.44,15
2026-01-14,2026-01-14,BUY,0,2,False,1.16412,1.16288,1.1666,1.16452,2026-01-14 23:00:00+00:00,EOD,0.00497,0.00124,0.00248,0.0004,0.4,344.84,24
2026-01-15,2026-01-15,SELL,1,0,False,1.1644,1.16557,1.16206,1.16206,2026-01-15 14:00:00+00:00,TP,0.00468,0.00117,0.00234,0.00234,2.34,347.18,15
2026-01-16,2026-01-16,SELL,2,0,False,1.16073,1.16192,1.15834,1.16192,2026-01-16 13:00:00+00:00,SL,0.00478,0.00119,0.00239,-0.00119,-1.19,345.98,14
2026-01-19,2026-01-19,SELL,2,0,False,1.15817,1.15935,1.15581,1.15935,2026-01-19 01:00:00+00:00,SL,0.00471,0.00118,0.00236,-0.00118,-1.18,344.81,2
2026-01-20,2026-01-20,BUY,0,2,False,1.16448,1.16322,1.167,1.167,2026-01-20 07:00:00+00:00,TP,0.00504,0.00126,0.00252,0.00252,2.52,347.33,8
2026-01-21,2026-01-21,BUY,2,2,True,1.17241,1.17086,1.1755,1.17086,2026-01-21 10:00:00+00:00,SL,0.00619,0.00155,0.00309,-0.00155,-1.55,345.78,11
2026-01-22,2026-01-22,BUY,2,2,True,1.16818,1.16662,1.17131,1.17131,2026-01-22 15:00:00+00:00,TP,0.00625,0.00156,0.00313,0.00313,3.13,348.9,16
2026-01-23,2026-01-23,BUY,2,2,True,1.17543,1.17379,1.17871,1.17379,2026-01-23 09:00:00+00:00,SL,0.00657,0.00164,0.00328,-0.00164,-1.64,347.26,10
2026-01-26,2026-01-26,BUY,2,2,True,1.18637,1.1846,1.18992,1.1846,2026-01-26 02:00:00+00:00,SL,0.0071,0.00177,0.00355,-0.00177,-1.77,345.49,3
2026-01-27,2026-01-27,BUY,0,2,False,1.18794,1.18613,1.19155,1.18613,2026-01-27 09:00:00+00:00,SL,0.00722,0.00181,0.00361,-0.00181,-1.81,343.68,10
2026-01-28,2026-01-28,BUY,0,2,False,1.20372,1.20138,1.2084,1.20138,2026-01-28 02:00:00+00:00,SL,0.00935,0.00234,0.00468,-0.00234,-2.34,341.35,3
2026-01-29,2026-01-29,BUY,0,2,False,1.19535,1.19283,1.2004,1.19283,2026-01-29 17:00:00+00:00,SL,0.01009,0.00252,0.00505,-0.00252,-2.52,338.82,18
2026-01-30,2026-01-30,BUY,0,2,False,1.19704,1.19455,1.20202,1.19455,2026-01-30 02:00:00+00:00,SL,0.00995,0.00249,0.00498,-0.00249,-2.49,336.33,3
2026-02-02,2026-02-02,BUY,1,2,False,1.18496,1.18239,1.1901,1.18239,2026-02-02 15:00:00+00:00,SL,0.01029,0.00257,0.00514,-0.00257,-2.57,333.76,16
2026-02-03,2026-02-03,BUY,1,2,False,1.179,1.17644,1.18412,1.18185,2026-02-03 23:00:00+00:00,EOD,0.01023,0.00256,0.00512,0.00285,2.85,336.61,24
2026-02-04,2026-02-04,BUY,1,2,False,1.18164,1.17926,1.1864,1.17926,2026-02-04 18:00:00+00:00,SL,0.00953,0.00238,0.00476,-0.00238,-2.38,334.23,19
2026-02-05,2026-02-05,BUY,2,2,True,1.18065,1.17843,1.1851,1.17843,2026-02-05 05:00:00+00:00,SL,0.00889,0.00222,0.00445,-0.00222,-2.22,332.01,6
2026-02-06,2026-02-06,BUY,2,2,True,1.17762,1.17554,1.18179,1.18179,2026-02-06 16:00:00+00:00,TP,0.00833,0.00208,0.00417,0.00417,4.17,336.17,17
2026-02-09,2026-02-09,BUY,1,2,False,1.18104,1.17903,1.18505,1.18505,2026-02-09 08:00:00+00:00,TP,0.00803,0.00201,0.00401,0.00401,4.01,340.19,9
2026-02-10,2026-02-10,BUY,0,2,False,1.19108,1.18895,1.19534,1.18895,2026-02-10 15:00:00+00:00,SL,0.00853,0.00213,0.00426,-0.00213,-2.13,338.06,16
2026-02-11,2026-02-11,BUY,1,2,False,1.18944,1.18745,1.19341,1.18745,2026-02-11 15:00:00+00:00,SL,0.00795,0.00199,0.00397,-0.00199,-1.99,336.07,16
2026-02-12,2026-02-12,BUY,1,2,False,1.18706,1.18502,1.19113,1.18707,2026-02-12 23:00:00+00:00,EOD,0.00814,0.00204,0.00407,1e-05,0.01,336.08,24
2026-02-13,2026-02-13,BUY,1,2,False,1.18698,1.18509,1.19076,1.18509,2026-02-13 09:00:00+00:00,SL,0.00756,0.00189,0.00378,-0.00189,-1.89,334.19,10
2026-02-16,2026-02-16,BUY,0,2,False,1.18643,1.18467,1.18996,1.18467,2026-02-16 18:00:00+00:00,SL,0.00706,0.00176,0.00353,-0.00176,-1.76,332.42,19
2026-02-17,2026-02-17,BUY,0,2,False,1.18505,1.18343,1.1883,1.18343,2026-02-17 09:00:00+00:00,SL,0.00649,0.00162,0.00325,-0.00162,-1.62,330.8,10
2026-02-18,2026-02-18,BUY,0,2,False,1.18546,1.18389,1.18861,1.18389,2026-02-18 09:00:00+00:00,SL,0.00629,0.00157,0.00315,-0.00157,-1.57,329.23,10
2026-02-19,2026-02-19,BUY,1,2,False,1.17827,1.17666,1.1815,1.17666,2026-02-19 15:00:00+00:00,SL,0.00646,0.00161,0.00323,-0.00161,-1.61,327.61,16
2026-02-20,2026-02-20,BUY,2,2,True,1.17729,1.17567,1.18053,1.17567,2026-02-20 03:00:00+00:00,SL,0.00647,0.00162,0.00324,-0.00162,-1.62,326.0,4
2026-02-23,2026-02-23,BUY,1,2,False,1.17904,1.17742,1.18227,1.18227,2026-02-23 01:00:00+00:00,TP,0.00646,0.00162,0.00323,0.00323,3.23,329.23,2
2026-02-24,2026-02-24,BUY,2,2,True,1.17843,1.17683,1.18163,1.17683,2026-02-24 06:00:00+00:00,SL,0.00641,0.0016,0.0032,-0.0016,-1.6,327.63,7
2026-02-25,2026-02-25,BUY,0,2,False,1.1771,1.17561,1.18008,1.18008,2026-02-25 07:00:00+00:00,TP,0.00596,0.00149,0.00298,0.00298,2.98,330.6,8
2026-02-26,2026-02-26,BUY,2,2,True,1.18092,1.17946,1.18384,1.17946,2026-02-26 12:00:00+00:00,SL,0.00584,0.00146,0.00292,-0.00146,-1.46,329.14,13
2026-02-27,2026-02-27,BUY,1,2,False,1.17958,1.17813,1.18248,1.18248,2026-02-27 18:00:00+00:00,TP,0.0058,0.00145,0.0029,0.0029,2.9,332.04,19
2026-03-02,2026-03-02,BUY,0,2,False,1.17723,1.17584,1.18001,1.17584,2026-03-02 00:00:00+00:00,SL,0.00555,0.00139,0.00278,-0.00139,-1.39,330.65,1
2026-03-03,2026-03-03,BUY,0,2,False,1.16859,1.16691,1.17194,1.16691,2026-03-03 07:00:00+00:00,SL,0.00671,0.00168,0.00335,-0.00168,-1.68,328.98,8
2026-03-04,2026-03-04,SELL,0,0,True,1.16116,1.1632,1.15708,1.1632,2026-03-04 12:00:00+00:00,SL,0.00817,0.00204,0.00408,-0.00204,-2.04,326.94,13
2026-03-05,2026-03-05,BUY,0,2,False,1.16319,1.16115,1.16726,1.16115,2026-03-05 05:00:00+00:00,SL,0.00815,0.00204,0.00407,-0.00204,-2.04,324.9,6
2026-03-06,2026-03-06,BUY,1,2,False,1.1608,1.15874,1.16492,1.15874,2026-03-06 11:00:00+00:00,SL,0.00824,0.00206,0.00412,-0.00206,-2.06,322.84,12
2026-03-09,2026-03-09,BUY,1,2,False,1.15464,1.1526,1.15872,1.1526,2026-03-09 01:00:00+00:00,SL,0.00815,0.00204,0.00408,-0.00204,-2.04,320.8,2
2026-03-10,2026-03-10,BUY,0,2,False,1.16354,1.16134,1.16794,1.16134,2026-03-10 03:00:00+00:00,SL,0.00879,0.0022,0.0044,-0.0022,-2.2,318.6,4
2026-03-11,2026-03-11,BUY,0,2,False,1.16105,1.15894,1.16527,1.15894,2026-03-11 15:00:00+00:00,SL,0.00844,0.00211,0.00422,-0.00211,-2.11,316.49,16
2026-03-12,2026-03-12,BUY,0,2,False,1.15666,1.15455,1.16088,1.15455,2026-03-12 02:00:00+00:00,SL,0.00844,0.00211,0.00422,-0.00211,-2.11,314.38,3
2026-03-13,2026-03-13,BUY,2,2,True,1.15113,1.14909,1.15522,1.14909,2026-03-13 09:00:00+00:00,SL,0.00818,0.00204,0.00409,-0.00204,-2.04,312.34,10
2026-03-16,2026-03-16,SELL,1,0,False,1.14184,1.14401,1.1375,1.14401,2026-03-16 03:00:00+00:00,SL,0.00867,0.00217,0.00434,-0.00217,-2.17,310.17,4
2026-03-17,2026-03-17,BUY,0,2,False,1.15046,1.14821,1.15496,1.14821,2026-03-17 08:00:00+00:00,SL,0.00899,0.00225,0.0045,-0.00225,-2.25,307.92,9
2026-03-18,2026-03-18,BUY,2,2,True,1.15391,1.15169,1.15835,1.15169,2026-03-18 15:00:00+00:00,SL,0.00887,0.00222,0.00444,-0.00222,-2.22,305.7,16
2026-03-19,2026-03-19,BUY,0,2,False,1.14508,1.14281,1.14963,1.14963,2026-03-19 16:00:00+00:00,TP,0.0091,0.00227,0.00455,0.00455,4.55,310.25,17
2026-03-20,2026-03-20,BUY,0,2,False,1.15876,1.15621,1.16386,1.15621,2026-03-20 05:00:00+00:00,SL,0.01019,0.00255,0.0051,-0.00255,-2.55,307.7,6
2026-03-23,2026-03-23,BUY,0,2,False,1.15361,1.15117,1.1585,1.15117,2026-03-23 12:00:00+00:00,SL,0.00977,0.00244,0.00489,-0.00244,-2.44,305.26,13
2026-03-24,2026-03-24,BUY,1,2,False,1.16097,1.15833,1.16624,1.15833,2026-03-24 03:00:00+00:00,SL,0.01055,0.00264,0.00527,-0.00264,-2.64,302.62,4
2026-03-25,2026-03-25,BUY,1,2,False,1.16064,1.15812,1.16568,1.15812,2026-03-25 16:00:00+00:00,SL,0.01009,0.00252,0.00504,-0.00252,-2.52,300.1,17
2026-03-26,2026-03-26,BUY,1,2,False,1.15581,1.15337,1.16068,1.15337,2026-03-26 14:00:00+00:00,SL,0.00975,0.00244,0.00487,-0.00244,-2.44,297.66,15
2026-03-27,2026-03-27,BUY,0,2,False,1.15253,1.15024,1.15711,1.15024,2026-03-27 15:00:00+00:00,SL,0.00915,0.00229,0.00458,-0.00229,-2.29,295.37,16
2026-03-30,2026-03-30,BUY,2,2,True,1.15017,1.14803,1.15444,1.14803,2026-03-30 15:00:00+00:00,SL,0.00855,0.00214,0.00427,-0.00214,-2.14,293.24,16
2026-03-31,2026-03-31,BUY,2,2,True,1.14646,1.14435,1.15068,1.15068,2026-03-31 15:00:00+00:00,TP,0.00845,0.00211,0.00422,0.00422,4.22,297.46,16
2026-04-01,2026-04-01,BUY,0,2,False,1.15584,1.15362,1.16028,1.16028,2026-04-01 11:00:00+00:00,TP,0.00887,0.00222,0.00444,0.00444,4.44,301.9,11
2026-04-02,2026-04-02,BUY,1,2,False,1.15877,1.1566,1.16311,1.1566,2026-04-02 04:00:00+00:00,SL,0.00868,0.00217,0.00434,-0.00217,-2.17,299.73,5
2026-04-03,2026-04-03,BUY,2,2,True,1.15383,1.15163,1.15823,1.15163,2026-04-03 15:00:00+00:00,SL,0.00881,0.0022,0.0044,-0.0022,-2.2,297.53,16
2026-04-06,2026-04-06,BUY,2,2,True,1.15201,1.14997,1.15608,1.15608,2026-04-06 10:00:00+00:00,TP,0.00815,0.00204,0.00407,0.00407,4.07,301.6,11
2026-04-07,2026-04-07,BUY,2,2,True,1.15403,1.15204,1.158,1.158,2026-04-07 17:00:00+00:00,TP,0.00795,0.00199,0.00397,0.00397,3.97,305.57,18
2026-04-08,2026-04-08,BUY,2,2,True,1.15939,1.1574,1.16337,1.16337,2026-04-08 01:00:00+00:00,TP,0.00796,0.00199,0.00398,0.00398,3.98,309.56,2
2026-04-09,2026-04-09,BUY,1,2,False,1.16619,1.16401,1.17054,1.17054,2026-04-09 18:00:00+00:00,TP,0.0087,0.00218,0.00435,0.00435,4.35,313.91,19
2026-04-10,2026-04-10,BUY,2,2,True,1.16984,1.16771,1.1741,1.1726,2026-04-10 23:00:00+00:00,EOD,0.00853,0.00213,0.00426,0.00276,2.76,316.67,24
2026-04-13,2026-04-13,BUY,2,2,True,1.16698,1.16493,1.17109,1.17109,2026-04-13 16:00:00+00:00,TP,0.00821,0.00205,0.00411,0.00411,4.11,320.78,17
2026-04-14,2026-04-14,BUY,1,2,False,1.17578,1.17366,1.18002,1.18002,2026-04-14 14:00:00+00:00,TP,0.00847,0.00212,0.00424,0.00424,4.24,325.01,15
2026-04-15,2026-04-15,BUY,1,2,False,1.17931,1.17727,1.18339,1.17727,2026-04-15 13:00:00+00:00,SL,0.00816,0.00204,0.00408,-0.00204,-2.04,322.97,14
2026-04-16,2026-04-16,BUY,2,2,True,1.1798,1.17791,1.18358,1.17791,2026-04-16 11:00:00+00:00,SL,0.00756,0.00189,0.00378,-0.00189,-1.89,321.08,12
2026-04-17,2026-04-17,BUY,2,2,True,1.17786,1.17603,1.18151,1.18151,2026-04-17 15:00:00+00:00,TP,0.00731,0.00183,0.00365,0.00365,3.65,324.74,16
2026-04-20,2026-04-20,BUY,0,2,False,1.17356,1.17168,1.17732,1.17732,2026-04-20 14:00:00+00:00,TP,0.00752,0.00188,0.00376,0.00376,3.76,328.5,15
2026-04-21,2026-04-21,BUY,0,2,False,1.17809,1.17626,1.18176,1.17626,2026-04-21 11:00:00+00:00,SL,0.00734,0.00183,0.00367,-0.00183,-1.83,326.66,12
2026-04-22,2026-04-22,BUY,1,2,False,1.17404,1.17221,1.1777,1.17221,2026-04-22 17:00:00+00:00,SL,0.00731,0.00183,0.00366,-0.00183,-1.83,324.84,18
2026-04-23,2026-04-23,BUY,2,2,True,1.17042,1.16864,1.17399,1.16864,2026-04-23 13:00:00+00:00,SL,0.00713,0.00178,0.00357,-0.00178,-1.78,323.05,14
2026-04-24,2026-04-24,BUY,2,2,True,1.16826,1.16656,1.17167,1.17167,2026-04-24 14:00:00+00:00,TP,0.00681,0.0017,0.00341,0.00341,3.41,326.46,15
2026-04-27,2026-04-27,BUY,0,2,False,1.16922,1.16758,1.17251,1.17251,2026-04-27 04:00:00+00:00,TP,0.00657,0.00164,0.00329,0.00329,3.29,329.74,5
2026-04-28,2026-04-28,BUY,0,2,False,1.17179,1.17015,1.17506,1.17015,2026-04-28 09:00:00+00:00,SL,0.00654,0.00164,0.00327,-0.00164,-1.64,328.11,10
2026-04-29,2026-04-29,BUY,2,2,True,1.17016,1.16858,1.17333,1.16858,2026-04-29 16:00:00+00:00,SL,0.00634,0.00158,0.00317,-0.00158,-1.58,326.52,17
2026-04-30,2026-04-30,BUY,2,2,True,1.16758,1.16601,1.17072,1.16601,2026-04-30 07:00:00+00:00,SL,0.00628,0.00157,0.00314,-0.00157,-1.57,324.95,8
2026-05-01,2026-05-01,BUY,0,2,False,1.17297,1.17132,1.17627,1.17627,2026-05-01 15:00:00+00:00,TP,0.0066,0.00165,0.0033,0.0033,3.3,328.25,16
2026-05-04,2026-05-04,BUY,1,2,False,1.17445,1.17279,1.17777,1.17279,2026-05-04 01:00:00+00:00,SL,0.00665,0.00166,0.00332,-0.00166,-1.66,326.59,2
2026-05-05,2026-05-05,BUY,2,2,True,1.16876,1.16709,1.17209,1.16925,2026-05-05 23:00:00+00:00,EOD,0.00666,0.00167,0.00333,0.00049,0.49,327.08,24
2026-05-06,2026-05-06,BUY,2,2,True,1.16916,1.16759,1.17229,1.17229,2026-05-06 02:00:00+00:00,TP,0.00627,0.00157,0.00313,0.00313,3.13,330.22,3
2026-05-07,2026-05-07,BUY,2,2,True,1.17454,1.17281,1.17801,1.17281,2026-05-07 23:00:00+00:00,SL,0.00693,0.00173,0.00347,-0.00173,-1.73,328.48,24
2026-05-08,2026-05-08,BUY,2,2,True,1.17201,1.17032,1.17539,1.17539,2026-05-08 11:00:00+00:00,TP,0.00676,0.00169,0.00338,0.00338,3.38,331.86,12
2026-05-11,2026-05-11,BUY,0,2,False,1.17472,1.17303,1.1781,1.1781,2026-05-11 11:00:00+00:00,TP,0.00676,0.00169,0.00338,0.00338,3.38,335.24,12
2026-05-12,2026-05-12,BUY,0,2,False,1.17793,1.17632,1.18115,1.17632,2026-05-12 04:00:00+00:00,SL,0.00643,0.00161,0.00322,-0.00161,-1.61,333.63,5
2026-05-13,2026-05-13,BUY,0,2,False,1.17354,1.17193,1.17677,1.17193,2026-05-13 09:00:00+00:00,SL,0.00646,0.00161,0.00323,-0.00161,-1.61,332.02,10
2026-05-14,2026-05-14,BUY,0,2,False,1.17057,1.16902,1.17368,1.16902,2026-05-14 16:00:00+00:00,SL,0.00621,0.00155,0.00311,-0.00155,-1.55,330.46,17
2026-05-15,2026-05-15,BUY,2,2,True,1.16672,1.16519,1.16979,1.16519,2026-05-15 04:00:00+00:00,SL,0.00613,0.00153,0.00307,-0.00153,-1.53,328.93,5
2026-05-18,2026-05-18,BUY,0,2,False,1.16164,1.16013,1.16466,1.16466,2026-05-18 14:00:00+00:00,TP,0.00605,0.00151,0.00302,0.00302,3.02,331.95,15
2026-05-19,2026-05-19,BUY,1,2,False,1.1655,1.16402,1.16847,1.16402,2026-05-19 07:00:00+00:00,SL,0.00594,0.00148,0.00297,-0.00148,-1.48,330.47,8
2026-05-20,2026-05-20,BUY,0,2,False,1.16039,1.15887,1.16343,1.15887,2026-05-20 11:00:00+00:00,SL,0.00608,0.00152,0.00304,-0.00152,-1.52,328.95,12
2026-05-21,2026-05-21,BUY,1,2,False,1.16211,1.16058,1.16516,1.16058,2026-05-21 10:00:00+00:00,SL,0.0061,0.00153,0.00305,-0.00153,-1.53,327.42,11
2026-05-22,2026-05-22,BUY,1,2,False,1.16167,1.16015,1.16471,1.16015,2026-05-22 10:00:00+00:00,SL,0.00608,0.00152,0.00304,-0.00152,-1.52,325.9,11
2026-05-25,2026-05-25,BUY,1,2,False,1.1638,1.16238,1.16665,1.1643,2026-05-25 23:00:00+00:00,EOD,0.00569,0.00142,0.00285,0.0005,0.5,326.4,24
2026-05-26,2026-05-26,BUY,2,2,True,1.16408,1.16268,1.16689,1.16268,2026-05-26 10:00:00+00:00,SL,0.00561,0.0014,0.00281,-0.0014,-1.4,325.0,11
2026-05-27,2026-05-27,BUY,0,2,False,1.16287,1.16156,1.16549,1.16156,2026-05-27 00:00:00+00:00,SL,0.00524,0.00131,0.00262,-0.00131,-1.31,323.69,1
2026-05-28,2026-05-28,BUY,0,2,False,1.16232,1.16103,1.16489,1.16103,2026-05-28 04:00:00+00:00,SL,0.00515,0.00129,0.00257,-0.00129,-1.29,322.4,5
2026-05-29,2026-05-29,BUY,0,2,False,1.16508,1.16372,1.16781,1.16372,2026-05-29 06:00:00+00:00,SL,0.00546,0.00136,0.00273,-0.00136,-1.36,321.04,7
2026-06-01,2026-06-01,BUY,1,2,False,1.16527,1.16388,1.16804,1.16388,2026-06-01 16:00:00+00:00,SL,0.00554,0.00139,0.00277,-0.00139,-1.39,319.65,17
2026-06-02,2026-06-02,BUY,0,2,False,1.16279,1.1614,1.16558,1.1614,2026-06-02 21:00:00+00:00,SL,0.00558,0.00139,0.00279,-0.00139,-1.39,318.26,22
2026-06-03,2026-06-03,BUY,2,2,True,1.16315,1.1618,1.16585,1.1618,2026-06-03 09:00:00+00:00,SL,0.00539,0.00135,0.0027,-0.00135,-1.35,316.91,10
2026-06-04,2026-06-04,BUY,2,2,True,1.15965,1.15835,1.16224,1.16224,2026-06-04 12:00:00+00:00,TP,0.00519,0.0013,0.00259,0.00259,2.59,319.51,13
2026-06-05,2026-06-05,BUY,2,2,True,1.16098,1.15969,1.16356,1.16356,2026-06-05 10:00:00+00:00,TP,0.00517,0.00129,0.00258,0.00258,2.58,322.09,11
2026-06-08,2026-06-08,BUY,2,2,True,1.15105,1.14951,1.15413,1.15413,2026-06-08 14:00:00+00:00,TP,0.00617,0.00154,0.00308,0.00308,3.08,325.17,15
2026-06-09,2026-06-09,BUY,2,2,True,1.15324,1.15172,1.15628,1.15628,2026-06-09 12:00:00+00:00,TP,0.00608,0.00152,0.00304,0.00304,3.04,328.21,13
2026-06-10,2026-06-10,BUY,1,2,False,1.15424,1.15274,1.15723,1.15723,2026-06-10 16:00:00+00:00,TP,0.00599,0.0015,0.00299,0.00299,2.99,331.21,17
2026-06-11,2026-06-11,BUY,1,2,False,1.1535,1.15207,1.15636,1.15207,2026-06-11 15:00:00+00:00,SL,0.00572,0.00143,0.00286,-0.00143,-1.43,329.78,16
2026-06-12,2026-06-12,BUY,2,2,True,1.15783,1.1563,1.16089,1.1563,2026-06-12 04:00:00+00:00,SL,0.00611,0.00153,0.00306,-0.00153,-1.53,328.25,5
2026-06-15,2026-06-15,BUY,2,2,True,1.15748,1.15605,1.16035,1.16035,2026-06-15 00:00:00+00:00,TP,0.00573,0.00143,0.00287,0.00287,2.87,331.12,1
2026-06-16,2026-06-16,BUY,0,2,False,1.15895,1.15752,1.16181,1.15752,2026-06-16 09:00:00+00:00,SL,0.00573,0.00143,0.00286,-0.00143,-1.43,329.68,10
2026-06-17,2026-06-17,BUY,0,2,False,1.16081,1.15942,1.16359,1.15942,2026-06-17 14:00:00+00:00,SL,0.00556,0.00139,0.00278,-0.00139,-1.39,328.29,15
2026-06-18,2026-06-18,BUY,0,2,False,1.15009,1.14842,1.15342,1.14842,2026-06-18 11:00:00+00:00,SL,0.00667,0.00167,0.00333,-0.00167,-1.67,326.63,12
2026-06-19,2026-06-19,BUY,0,2,False,1.14569,1.14399,1.14909,1.14399,2026-06-19 07:00:00+00:00,SL,0.0068,0.0017,0.0034,-0.0017,-1.7,324.93,8
2026-06-22,2026-06-22,BUY,0,2,False,1.14625,1.14457,1.14962,1.14457,2026-06-22 10:00:00+00:00,SL,0.00673,0.00168,0.00337,-0.00168,-1.68,323.24,11
2026-06-23,2026-06-23,BUY,0,2,False,1.14253,1.14089,1.14581,1.14089,2026-06-23 11:00:00+00:00,SL,0.00656,0.00164,0.00328,-0.00164,-1.64,321.6,12
2026-06-24,2026-06-24,BUY,1,2,False,1.13812,1.13649,1.14139,1.13649,2026-06-24 06:00:00+00:00,SL,0.00653,0.00163,0.00327,-0.00163,-1.63,319.97,7
2026-06-25,2026-06-25,BUY,2,2,True,1.13557,1.13396,1.13879,1.13396,2026-06-25 14:00:00+00:00,SL,0.00645,0.00161,0.00322,-0.00161,-1.61,318.36,15
2026-06-26,2026-06-26,BUY,2,2,True,1.13692,1.13534,1.14008,1.14008,2026-06-26 11:00:00+00:00,TP,0.00632,0.00158,0.00316,0.00316,3.16,321.52,12
2026-06-29,2026-06-29,BUY,0,2,False,1.13896,1.13733,1.14223,1.14223,2026-06-29 17:00:00+00:00,TP,0.00654,0.00163,0.00327,0.00327,3.27,324.78,18
2026-06-30,2026-06-30,BUY,0,2,False,1.14199,1.1404,1.14517,1.1404,2026-06-30 04:00:00+00:00,SL,0.00636,0.00159,0.00318,-0.00159,-1.59,323.19,5
2026-07-01,2026-07-01,SELL,2,0,False,1.14213,1.14369,1.13901,1.13901,2026-07-01 12:00:00+00:00,TP,0.00623,0.00156,0.00312,0.00312,3.12,326.31,13
2026-07-02,2026-07-02,BUY,2,2,True,1.1377,1.13615,1.14081,1.14081,2026-07-02 10:00:00+00:00,TP,0.00622,0.00155,0.00311,0.00311,3.11,329.42,11
2026-07-03,2026-07-03,BUY,1,2,False,1.14304,1.14137,1.14639,1.14354,2026-07-03 23:00:00+00:00,EOD,0.00669,0.00167,0.00335,0.0005,0.5,329.92,24
2026-07-06,2026-07-06,BUY,0,2,False,1.1439,1.14231,1.14708,1.14231,2026-07-06 08:00:00+00:00,SL,0.00636,0.00159,0.00318,-0.00159,-1.59,328.33,9
2026-07-07,2026-07-07,BUY,1,2,False,1.14413,1.14263,1.14713,1.14263,2026-07-07 09:00:00+00:00,SL,0.00599,0.0015,0.003,-0.0015,-1.5,326.83,10
2026-07-08,2026-07-08,BUY,2,2,True,1.14119,1.13976,1.14405,1.13976,2026-07-08 12:00:00+00:00,SL,0.00572,0.00143,0.00286,-0.00143,-1.43,325.4,13
2026-07-09,2026-07-09,BUY,2,2,True,1.14159,1.14022,1.14434,1.14434,2026-07-09 09:00:00+00:00,TP,0.0055,0.00137,0.00275,0.00275,2.75,328.15,10
2026-07-10,2026-07-10,BUY,2,2,True,1.14296,1.14164,1.1456,1.1456,2026-07-10 05:00:00+00:00,TP,0.00528,0.00132,0.00264,0.00264,2.64,330.79,6
2026-07-13,2026-07-13,BUY,2,2,True,1.14005,1.13874,1.14267,1.13874,2026-07-13 04:00:00+00:00,SL,0.00523,0.00131,0.00262,-0.00131,-1.31,329.48,5
2026-07-14,2026-07-14,BUY,2,2,True,1.13798,1.13662,1.14071,1.14071,2026-07-14 14:00:00+00:00,TP,0.00545,0.00136,0.00273,0.00273,2.73,332.21,15
2026-07-15,2026-07-15,BUY,0,2,False,1.14193,1.14046,1.14486,1.14486,2026-07-15 20:00:00+00:00,TP,0.00587,0.00147,0.00293,0.00293,2.93,335.14,21
2026-07-16,2026-07-16,BUY,1,2,False,1.14636,1.14483,1.14941,1.14483,2026-07-16 15:00:00+00:00,SL,0.0061,0.00153,0.00305,-0.00153,-1.53,333.61,16
2026-07-17,2026-07-17,BUY,1,2,False,1.14393,1.14246,1.14687,1.14246,2026-07-17 14:00:00+00:00,SL,0.00589,0.00147,0.00294,-0.00147,-1.47,332.14,15
2026-07-20,2026-07-20,BUY,1,2,False,1.14269,1.14132,1.14543,1.14132,2026-07-20 17:00:00+00:00,SL,0.00547,0.00137,0.00274,-0.00137,-1.37,330.77,18
2026-07-21,2026-07-21,BUY,1,2,False,1.14133,1.13999,1.14402,1.13999,2026-07-21 21:00:00+00:00,SL,0.00537,0.00134,0.00269,-0.00134,-1.34,329.43,22
2026-07-22,2026-07-22,BUY,2,2,True,1.13983,1.13856,1.14237,1.14119,2026-07-22 23:00:00+00:00,EOD,0.00507,0.00127,0.00254,0.00136,1.36,330.79,24
2026-07-23,2026-07-23,BUY,2,2,True,1.14101,1.13983,1.14338,1.14338,2026-07-23 07:00:00+00:00,TP,0.00474,0.00118,0.00237,0.00237,2.37,333.16,8
